Case_sample,PATH_LENGTH,ANGLE_INCREMENT,NUMBER_RADIATION_ANGLES,HRRPUA,SOOT_YIELD,RADIATIVE_FRACTION,TMPA,EMISSIVITY_Burner,EMISSIVITY_Panel
Case_sample0,0.1,5.0,301.3238738021413,367.1079579340472,0.0183553978967023,0.2447386386226981,14.473863862269807,0.9670498612326488,0.9570054840382294
Case_sample1,1.0,1.0,533.5397624514806,444.5132541504936,0.0222256627075246,0.2963421694336624,19.634216943366237,0.9349516271956738,0.8239123099620085
Case_sample2,1.0,1.0,156.31461115849362,318.7715370528312,0.0159385768526415,0.2125143580352208,11.25143580352208,0.838599158874033,0.9137269831481334
Case_sample3,1.0,5.0,408.6539023072327,402.88463410241087,0.0201442317051205,0.2685897560682739,16.858975606827393,0.9001002300102614,0.8715260824236527
Case_sample4,1.0,1.0,133.68198205757815,311.22732735252606,0.0155613663676263,0.207484884901684,10.748488490168404,0.8317437407142882,0.841314895533869
Case_sample5,0.1,5.0,279.0570388222389,359.68567960741296,0.0179842839803706,0.2397904530716086,13.979045307160868,0.8004044438211269,0.8929158485160555
Case_sample6,0.1,1.0,703.1923064627101,501.0641021542367,0.0250532051077118,0.3340427347694911,23.404273476949115,0.8137254225658116,0.8304962742854131
Case_sample7,0.1,5.0,484.1787018966252,428.0595672988751,0.0214029783649437,0.2853730448659167,18.537304486591676,0.9124919235561176,0.848742659902705
Case_sample8,1.0,5.0,225.01588110737504,341.67196036912503,0.0170835980184562,0.22778130691275,12.778130691275,0.8692511235556849,0.9473751265189538
Case_sample9,0.1,1.0,950.8422781550812,583.6140927183603,0.029180704635918,0.3890760618122403,28.907606181224025,0.8752147126048291,0.9670542342387586
Case_sample10,0.1,1.0,709.3850898979588,503.1283632993196,0.0251564181649659,0.335418908866213,23.541890886621307,0.8346249892721803,0.8562192179538336
Case_sample11,1.0,1.0,355.3755277167554,385.12517590558514,0.0192562587952792,0.2567501172703901,15.67501172703901,0.8280040603836817,0.9755276235818272
Case_sample12,0.1,1.0,995.003001195606,598.3343337318686,0.0299167166865934,0.3988895558212458,29.888955582124577,0.9314199928784468,0.900429741193553
Case_sample13,1.0,1.0,624.9194978941103,474.9731659647034,0.0237486582982351,0.3166487773098023,21.66487773098023,0.9386877969806744,0.8951389120771709
Case_sample14,0.1,5.0,650.5825792703109,483.527526423437,0.0241763763211718,0.3223516842822913,22.235168428229134,0.9575727884925068,0.8095357997906594
Case_sample15,1.0,1.0,582.2634309084002,460.75447696946674,0.0230377238484733,0.3071696513129778,20.716965131297783,0.8885607618660104,0.876024627847029
Case_sample16,1.0,5.0,436.3637204055414,412.12124013518047,0.020606062006759,0.2747474934234536,17.474749342345365,0.9876416602011598,0.925468706415743
Case_sample17,1.0,5.0,893.4461243919549,564.482041463985,0.0282241020731992,0.37632136097599,27.632136097599,0.8064098061849697,0.8885785901616697
Case_sample18,0.1,1.0,478.2124671336316,426.0708223778772,0.0213035411188938,0.2840472149185848,18.40472149185848,0.8211141684762134,0.8588647726072969
Case_sample19,1.0,5.0,615.5068439690673,471.8356146563558,0.0235917807328177,0.3145570764375705,21.45570764375705,0.87903633427151,0.8159752635555254
Case_sample20,0.1,1.0,855.469158863165,551.8230529543883,0.0275911526477194,0.3678820353029255,26.78820353029256,0.843003088152011,0.8450535924194799
Case_sample21,1.0,1.0,184.64474049117848,328.2149134970595,0.0164107456748529,0.218809942331373,11.8809942331373,0.9741734969633876,0.9366573090274548
Case_sample22,0.1,1.0,444.7579838208456,414.91932794028185,0.020745966397014,0.2766128852935212,17.661288529352124,0.9811614144009744,0.9214905739626524
Case_sample23,0.1,5.0,105.5699346523329,301.8566448841109,0.0150928322442055,0.2012377632560739,10.123776325607398,0.8632057616045672,0.944498206836036
Case_sample24,0.1,1.0,748.2097324756131,516.0699108252044,0.0258034955412602,0.3440466072168029,24.40466072168029,0.8574291046766062,0.9283187414898212
Case_sample25,0.1,5.0,329.0824299079029,376.360809969301,0.018818040498465,0.2509072066462007,15.090720664620063,0.9189816268059088,0.978587366232724
Case_sample26,0.1,5.0,520.6042019825443,440.2014006608481,0.0220100700330424,0.2934676004405654,19.346760044056538,0.8503062207852927,0.8074146385530171
Case_sample27,1.0,5.0,391.9907240603192,397.3302413534397,0.0198665120676719,0.2648868275689598,16.488682756895983,0.9519786048744708,0.8826636474122391
Case_sample28,1.0,5.0,766.0342453151575,522.0114151050525,0.0261005707552526,0.348007610070035,24.8007610070035,0.9172864994912144,0.819621783616871
Case_sample29,1.0,5.0,569.2308712204808,456.4102904068269,0.0228205145203413,0.3042735269378846,20.42735269378846,0.9757599556742678,0.964464106957724
Case_sample30,1.0,1.0,255.53849661894012,351.84616553964673,0.0175923082769823,0.2345641103597645,13.456411035976448,0.8524962687059691,0.9161950575497074
Case_sample31,0.1,1.0,209.29769236122,336.43256412040665,0.0168216282060203,0.2242883760802711,12.428837608027113,0.9628361745552644,0.9526144140355342
Case_sample32,0.1,5.0,309.052201696358,369.6840672321193,0.0184842033616059,0.2464560448214129,14.64560448214129,0.9060769668263868,0.9417511013942454
Case_sample33,1.0,1.0,676.0048868708941,492.0016289569647,0.0246000814478482,0.3280010859713098,22.80010859713098,0.9560672480779588,0.9872706185096436
Case_sample34,1.0,1.0,836.0563873020768,545.3521291006923,0.0272676064550346,0.3635680860671282,26.356808606712814,0.8812859160915575,0.8672733906701602
Case_sample35,1.0,5.0,931.2447739796302,577.0815913265434,0.0288540795663271,0.3847210608843623,28.472106088436227,0.8143415997629022,0.80237960649128
Case_sample36,1.0,1.0,814.3000897677455,538.1000299225818,0.026905001496129,0.3587333532817212,25.87333532817212,0.8911504037700773,0.9844373593094616
Case_sample37,1.0,1.0,957.3534132628556,585.7844710876186,0.0292892235543809,0.390522980725079,29.052298072507902,0.8992139832467398,0.9085634396192244
Case_sample38,0.1,1.0,796.9836507264235,532.3278835754745,0.0266163941787737,0.354885255716983,25.488525571698304,0.9472425132079774,0.8651671216714485
Case_sample39,1.0,1.0,876.8289175085827,558.9429725028608,0.027947148625143,0.3726286483352406,27.26286483352406,0.9239159636571102,0.8375739658470415
Case_sample0,1.0,5.0,280.0259118572099,360.00863728573665,0.0180004318642868,0.2400057581904911,14.000575819049107,0.9462262555679226,0.9102501141752032
Case_sample1,1.0,1.0,592.0549487091868,464.0183162363956,0.0232009158118197,0.3093455441575971,20.934554415759703,0.954474938973402,0.8463259177638236
Case_sample2,0.1,1.0,201.55928534373172,333.85309511457723,0.0166926547557288,0.2225687300763848,12.256873007638482,0.8480890952210991,0.868248288845223
Case_sample3,0.1,5.0,532.5791031296305,444.1930343765435,0.0222096517188271,0.2961286895843623,19.612868958436238,0.8214354545823194,0.8557800434620908
Case_sample4,1.0,5.0,214.40414396432232,338.1347146547741,0.0169067357327387,0.2254231431031827,12.542314310318272,0.8139585219711072,0.804012623476999
Case_sample5,1.0,5.0,487.16051956876896,429.053506522923,0.0214526753261461,0.286035671015282,18.6035671015282,0.9571082576950412,0.949235184038932
Case_sample6,1.0,5.0,474.0750583798249,424.69168612660826,0.0212345843063304,0.2831277907510722,18.31277907510722,0.8159261956351029,0.89303012260022
Case_sample7,0.1,1.0,691.5286372955991,497.1762124318664,0.0248588106215933,0.3314508082879109,23.14508082879109,0.8919804230830891,0.9570252071251076
Case_sample8,1.0,5.0,821.7322310690444,540.5774103563481,0.0270288705178174,0.3603849402375654,26.03849402375654,0.8813477740640925,0.8370156868621
Case_sample9,0.1,5.0,346.161060688544,382.0536868961814,0.019102684344809,0.2547024579307876,15.470245793078757,0.8452418121866476,0.8737345304906022
Case_sample10,1.0,1.0,649.2454769106004,483.0818256368668,0.0241540912818433,0.3220545504245778,22.205455042457785,0.8677354652808056,0.8795233207712466
Case_sample11,0.1,5.0,400.5596667823016,400.1865555941005,0.020009327779705,0.2667910370627337,16.679103706273366,0.9830833325061478,0.8207259546283067
Case_sample12,0.1,1.0,622.3641428519338,474.1213809506446,0.0237060690475322,0.3160809206337631,21.608092063376308,0.8349109304458053,0.9340429469299556
Case_sample13,1.0,5.0,984.9604212853412,594.9868070951137,0.0297493403547556,0.3966578713967424,29.665787139674247,0.8066551521253738,0.9386431984573768
Case_sample14,0.1,5.0,372.4395774533195,390.8131924844398,0.0195406596242219,0.2605421283229599,16.05421283229599,0.8756424363334907,0.8991306869948021
Case_sample15,1.0,5.0,139.63768930802362,313.2125631026745,0.0156606281551337,0.208808375401783,10.880837540178304,0.9515033690613504,0.9546635887570714
Case_sample16,1.0,1.0,172.38403469431802,324.1280115647727,0.0162064005782386,0.2160853410431818,11.608534104318178,0.9134701690197627,0.8325663215127272
Case_sample17,0.1,1.0,976.2430996466168,592.081033215539,0.0296040516607769,0.3947206888103593,29.47206888103593,0.9635165694459856,0.9845475005271548
Case_sample18,1.0,1.0,241.43491819927465,347.14497273309155,0.0173572486366545,0.231429981822061,13.142998182206105,0.8300038090934821,0.9460666310851936
Case_sample19,1.0,5.0,304.12022346255765,368.0400744875192,0.0184020037243759,0.2453600496583461,14.536004965834614,0.9264587053777708,0.927399248654811
Case_sample20,0.1,5.0,154.710527417012,318.23684247233734,0.0159118421236168,0.2121578949815582,11.21578949815582,0.8391899956044981,0.9013957624245318
Case_sample21,0.1,1.0,443.0970268579879,414.3656756193293,0.0207182837809664,0.2762437837462195,17.624378374621955,0.9359833849637728,0.9164631379310978
Case_sample22,1.0,5.0,724.1101487944916,508.0367162648305,0.0254018358132415,0.3386911441765536,23.869114417655368,0.9083780411657044,0.806842465073713
Case_sample23,0.1,1.0,425.5672879045149,408.522429301505,0.0204261214650752,0.2723482862010033,17.23482862010033,0.9003040496768924,0.9324797559771713
Case_sample24,0.1,1.0,111.91901129424116,303.97300376474703,0.0151986501882373,0.202648669176498,10.264866917649805,0.8244289935647741,0.8262299436803557
Case_sample25,0.1,5.0,768.6752615483049,522.891753849435,0.0261445876924717,0.34859450256629,24.859450256629,0.9663444861605358,0.8636930198635212
Case_sample26,0.1,5.0,811.6676561655362,537.2225520551788,0.0268611276027589,0.3581483680367858,25.81483680367858,0.9221932925233792,0.978061652759173
Case_sample27,0.1,5.0,572.0363732537502,457.34545775125,0.0228672728875625,0.3048969718341667,20.48969718341667,0.8983580795982681,0.8865052020331505
Case_sample28,1.0,1.0,932.1353608362126,577.3784536120709,0.0288689226806035,0.3849189690747139,28.49189690747139,0.9379203390316452,0.9065801031836204
Case_sample29,0.1,5.0,870.3591308254765,556.7863769418254,0.0278393188470912,0.371190917961217,27.1190917961217,0.9744445256694372,0.8099290486787477
Case_sample30,1.0,1.0,367.7349099441661,389.2449699813887,0.0194622484990694,0.2594966466542591,15.949664665425912,0.9863824212757007,0.8610905667654873
Case_sample31,0.1,1.0,668.1783757752339,489.392791925078,0.0244696395962539,0.3262618612833853,22.62618612833853,0.8544830633876042,0.9887316701955086
Case_sample32,0.1,1.0,778.0001332022489,526.0000444007496,0.0263000022200374,0.3506666962671664,25.06666962671664,0.9308789045510532,0.9756177662333284
Case_sample33,0.1,1.0,898.4993270886457,566.1664423628819,0.028308322118144,0.3774442949085879,27.744429490858792,0.917159832199814,0.8851196684211587
Case_sample34,1.0,5.0,944.7426531104122,581.5808843701375,0.0290790442185068,0.3877205895800916,28.77205895800916,0.8582525599570265,0.8189325633043799
Case_sample35,1.0,5.0,512.1917328720317,437.3972442906773,0.0218698622145338,0.2915981628604515,19.15981628604515,0.8875881483689393,0.9199976109591976
Case_sample36,1.0,1.0,856.4867357147617,552.162245238254,0.0276081122619126,0.3681081634921693,26.81081634921693,0.8782753605509873,0.8415273198816281
Case_sample37,0.1,5.0,736.3946277635828,512.131542587861,0.025606577129393,0.3414210283919073,24.142102839190727,0.9784032842551644,0.967142126512172
Case_sample38,0.1,5.0,608.1299888814633,469.37666296048775,0.0234688331480243,0.3129177753069918,21.291777530699186,0.8628501810110698,0.9623469725584894
Case_sample39,0.1,5.0,265.4629382802611,355.154312760087,0.0177577156380043,0.236769541840058,13.6769541840058,0.8026343559794092,0.8479563548229259
Case_sample0,1.0,1.0,123.13730181567206,307.7124339385573,0.0153856216969278,0.2051416226257049,10.51416226257049,0.9475736000374292,0.9804870644800217
Case_sample1,1.0,5.0,383.2719173033951,394.423972434465,0.0197211986217232,0.26294931495631,16.294931495631005,0.8176741921468361,0.9717799639725764
Case_sample2,0.1,1.0,282.3385825789396,360.7795275263132,0.0180389763763156,0.2405196850175421,14.051968501754214,0.9091284701406892,0.8790442457757792
Case_sample3,1.0,5.0,907.9861467046152,569.3287155682051,0.0284664357784102,0.37955247704547,27.955247704547,0.8997299197774907,0.838079507926671
Case_sample4,0.1,1.0,528.6549429685081,442.8849809895027,0.0221442490494751,0.2952566539930018,19.52566539930018,0.827821954888867,0.9810411545980402
Case_sample5,0.1,1.0,920.3257547794136,573.4419182598047,0.0286720959129902,0.3822946121732031,28.229461217320303,0.9191851332121764,0.9660261542822308
Case_sample6,1.0,1.0,526.2041212385044,442.0680404128348,0.0221034020206417,0.2947120269418899,19.47120269418899,0.8399184129428875,0.9251482510936944
Case_sample7,0.1,1.0,805.9561739954607,535.3187246651536,0.0267659362332576,0.356879149776769,25.687914977676904,0.8533915701528817,0.8471442750258965
Case_sample8,0.1,5.0,952.1747963256992,584.0582654418997,0.0292029132720949,0.3893721769612665,28.93721769612665,0.8131619029258071,0.8693296955434967
Case_sample9,0.1,5.0,673.8129761366276,491.2709920455425,0.0245635496022771,0.3275139946970283,22.75139946970284,0.9735579947093298,0.8878295641060795
Case_sample10,1.0,5.0,832.462384993431,544.1541283311436,0.0272077064165571,0.3627694188874291,26.27694188874291,0.8780420179528422,0.8229677023997304
Case_sample11,0.1,1.0,253.1446145257533,351.04820484191777,0.0175524102420958,0.2340321365612785,13.40321365612785,0.8816832688060317,0.9612554053749828
Case_sample12,1.0,5.0,600.8822374922884,466.9607458307628,0.0233480372915381,0.3113071638871752,21.13071638871752,0.8216060889517798,0.9709931166249078
Case_sample13,0.1,1.0,853.8287638338895,551.2762546112965,0.0275638127305648,0.3675175030741977,26.75175030741977,0.9810138485329968,0.9167537757951808
Case_sample14,0.1,5.0,586.9677835231414,462.3225945077138,0.0231161297253856,0.3082150630051425,20.82150630051425,0.832931522139167,0.9897453450224626
Case_sample15,0.1,5.0,504.27300209055954,434.75766736351983,0.0217378833681759,0.2898384449090132,18.983844490901323,0.8576991160112578,0.9319723898086668
Case_sample16,1.0,5.0,685.9470340687394,495.3156780229131,0.0247657839011456,0.3302104520152754,23.021045201527546,0.8336711004975166,0.8287223660801498
Case_sample17,0.1,5.0,175.870927453693,325.290309151231,0.0162645154575615,0.2168602061008206,11.686020610082066,0.988510932550555,0.8736358132324828
Case_sample18,1.0,5.0,463.4648620692951,421.1549540230984,0.0210577477011549,0.2807699693487323,18.076996934873225,0.9540428766786666,0.883942295748385
Case_sample19,0.1,1.0,360.29420788080927,386.7647359602698,0.0193382367980134,0.2578431573068465,15.78431573068465,0.9661877866276224,0.8252991718878885
Case_sample20,1.0,1.0,983.9748355831152,594.6582785277051,0.0297329139263852,0.3964388523518034,29.64388523518034,0.8894263478771041,0.9565087333481164
Case_sample21,0.1,1.0,113.88905971048968,304.62968657016324,0.0152314843285081,0.2030864577134421,10.308645771344215,0.8932766816728666,0.8060486544804537
Case_sample22,0.1,1.0,776.3490356428251,525.4496785476084,0.0262724839273804,0.3502997856984056,25.02997856984056,0.9583345894428446,0.8569320394236672
Case_sample23,1.0,1.0,307.59735248896305,369.199117496321,0.018459955874816,0.2461327449975473,14.613274499754734,0.9146393333961522,0.8172403917309375
Case_sample24,1.0,1.0,758.7914417131891,519.5971472377297,0.0259798573618864,0.3463980981584865,24.639809815848647,0.8042369771485534,0.9079723596419192
Case_sample25,0.1,1.0,156.63331439971975,318.8777714665732,0.0159438885733286,0.2125851809777155,11.25851809777155,0.9032749921603104,0.9501990672915456
Case_sample26,0.1,5.0,398.0355140526219,399.345171350874,0.0199672585675436,0.266230114233916,16.6230114233916,0.927726456072412,0.8974963613015399
Case_sample27,1.0,1.0,958.4928264215148,586.1642754738383,0.0293082137736919,0.3907761836492255,29.077618364922557,0.910032818625854,0.8515491533972533
Case_sample28,1.0,1.0,563.7153512611123,454.5717837537041,0.0227285891876852,0.3030478558358027,20.304785583580276,0.8731492983625438,0.834896267849496
Case_sample29,1.0,1.0,205.5381802529355,335.17939341764514,0.0167589696708822,0.2234529289450967,12.345292894509678,0.8431634691140658,0.8572428490439457
Case_sample30,0.1,1.0,866.756629504614,555.5855431682047,0.0277792771584102,0.3703903621121365,27.039036211213645,0.9330233340104408,0.9423238792004708
Case_sample31,1.0,5.0,218.77821819591657,339.59273939863886,0.0169796369699319,0.2263951595990925,12.639515959909255,0.8705649373822781,0.8628601423977937
Case_sample32,0.1,1.0,433.1167623503291,411.038920783443,0.0205519460391721,0.274025947188962,17.402594718896204,0.9287306330956924,0.9093122022938068
Case_sample33,1.0,1.0,619.395700433225,473.1319001444084,0.0236565950072204,0.3154212667629389,21.54212667629389,0.9423968650557978,0.9035319513029542
Case_sample34,1.0,1.0,263.758902839954,354.58630094665136,0.0177293150473325,0.2363908672977675,13.639086729776755,0.8080895376146792,0.8001482156841344
Case_sample35,1.0,1.0,345.56703028072354,381.8556767602412,0.019092783838012,0.2545704511734941,15.457045117349413,0.9708583453661392,0.9370544347998628
Case_sample36,1.0,5.0,640.5358432053114,480.17861440177046,0.0240089307200885,0.3201190762678469,22.011907626784694,0.97678943444807,0.9450704214397604
Case_sample37,1.0,1.0,457.9068765129183,419.3022921709728,0.0209651146085486,0.2795348614473152,17.953486144731517,0.9447058623922272,0.8935940970402174
Case_sample38,0.1,1.0,726.3855261799218,508.79517539330726,0.0254397587696653,0.3391967835955382,23.919678359553817,0.8625230821269447,0.811575606804726
Case_sample39,0.1,1.0,738.3889814415436,512.7963271471812,0.025639816357359,0.3418642180981208,24.18642180981208,0.8482769468465576,0.9222114750288144
Case_sample0,1.0,5.0,397.85006730996935,399.2833557699898,0.0199641677884994,0.2661889038466599,16.618890384665985,0.8138698724804735,0.9623077821452006
Case_sample1,0.1,1.0,898.0108285309468,566.0036095103156,0.0283001804755157,0.3773357396735438,27.73357396735437,0.823596876969052,0.9533890829522847
Case_sample2,0.1,1.0,769.7494391650195,523.2498130550065,0.0261624906527503,0.3488332087033376,24.883320870333765,0.8002228269532654,0.9722984164353532
Case_sample3,0.1,5.0,702.0099876687707,500.6699958895903,0.0250334997944795,0.3337799972597268,23.37799972597268,0.8949627378644588,0.9589895763339074
Case_sample4,0.1,5.0,197.5707518493628,332.5235839497876,0.0166261791974893,0.2216823892998584,12.16823892998584,0.925167611190582,0.8896922814934299
Case_sample5,0.1,5.0,973.3315580629038,591.1105193543012,0.029555525967715,0.3940736795695342,29.40736795695342,0.9715770276189633,0.8675229915386455
Case_sample6,1.0,5.0,995.6914693167868,598.5638231055957,0.0299281911552797,0.3990425487370638,29.90425487370637,0.9393513634101716,0.8738925917871868
Case_sample7,0.1,5.0,944.7513243549588,581.5837747849862,0.0290791887392493,0.3877225165233242,28.77225165233241,0.8152965833797201,0.8149239091693281
Case_sample8,1.0,5.0,915.4656423666672,571.8218807888891,0.0285910940394444,0.3812145871925927,28.12145871925927,0.8078193779962388,0.8359873878470276
Case_sample9,0.1,5.0,362.0817617284469,387.3605872428156,0.0193680293621407,0.2582403914952104,15.824039149521042,0.9053854817816128,0.9037670009527288
Case_sample10,1.0,1.0,805.2108312221935,535.0702770740645,0.0267535138537032,0.3567135180493763,25.67135180493764,0.9298999729039106,0.807694840107013
Case_sample11,0.1,5.0,492.9781792225005,430.9927264075001,0.021549636320375,0.2873284842716668,18.73284842716668,0.9374020889860192,0.8639045687631572
Case_sample12,0.1,1.0,505.2319535577438,435.0773178525813,0.021753865892629,0.2900515452350541,19.005154523505414,0.8890686761535321,0.8790101140800022
Case_sample13,1.0,5.0,649.5930835395968,483.1976945131989,0.0241598847256599,0.3221317963421326,22.21317963421326,0.8245975896125958,0.883131076667396
Case_sample14,1.0,5.0,225.33254148853652,341.7775138295122,0.0170888756914756,0.2278516758863414,12.785167588634144,0.8763489298249363,0.9154109478650788
Case_sample15,0.1,1.0,455.10504236924777,418.3683474564159,0.0209184173728207,0.2789122316376106,17.89122316376106,0.9119930502150878,0.982453019960266
Case_sample16,1.0,1.0,137.64480015029557,312.5482667167652,0.0156274133358382,0.2083655111445101,10.836551114451012,0.830580591376036,0.9070951102575154
Case_sample17,1.0,1.0,307.1367118254848,369.0455706084949,0.0184522785304247,0.2460303804056633,14.603038040566329,0.8353578748296351,0.8922947865156882
Case_sample18,0.1,5.0,627.1890720524759,475.7296906841586,0.0237864845342079,0.3171531271227724,21.71531271227724,0.8687839769057807,0.8133596630568848
Case_sample19,1.0,1.0,341.12767162509624,380.3758905416988,0.0190187945270849,0.2535839270277992,15.358392702779916,0.8385373249501605,0.8209756120472477
Case_sample20,1.0,1.0,782.8590089014798,527.6196696338266,0.0263809834816913,0.3517464464225511,25.174644642255107,0.98822776339466,0.9670999013965133
Case_sample21,0.1,1.0,846.7349666175761,548.911655539192,0.0274455827769596,0.3659411036927947,26.59411036927947,0.977886513850341,0.8988913361883192
Case_sample22,1.0,1.0,573.811965557898,457.93732185263264,0.0228968660926316,0.3052915479017551,20.52915479017551,0.8616719510476482,0.9188061099187184
Case_sample23,0.1,1.0,121.58765353380332,307.19588451126776,0.0153597942255633,0.2047972563408452,10.479725634084518,0.8741184238109619,0.9394072265613604
Case_sample24,0.1,1.0,865.578480332216,555.1928267774053,0.0277596413388702,0.3701285511849369,27.01285511849369,0.8653928516880613,0.9264832952855994
Case_sample25,0.1,5.0,836.0586931048323,545.3528977016108,0.0272676448850805,0.3635685984677405,26.35685984677405,0.8810540904578608,0.945000289456036
Case_sample26,0.1,5.0,606.8244848728023,468.9414949576008,0.02344707474788,0.3126276633050672,21.26276633050672,0.8997837747819523,0.8245740056967563
Case_sample27,0.1,1.0,295.3957604452528,365.1319201484176,0.0182565960074208,0.2434212800989451,14.342128009894504,0.9218483170171432,0.8590919362012468
Case_sample28,1.0,1.0,255.19505870262716,351.73168623420906,0.0175865843117104,0.234487790822806,13.448779082280602,0.9628084651567872,0.9871816664866276
Case_sample29,0.1,5.0,555.5960120704738,451.8653373568246,0.0225932668678412,0.301243558237883,20.124355823788303,0.8543533805928399,0.9781368957584432
Case_sample30,1.0,5.0,435.3667477830816,411.7889159276938,0.0205894457963846,0.2745259439517959,17.452594395179588,0.9543775386196772,0.934488954404624
Case_sample31,1.0,5.0,158.97635313723097,319.658784379077,0.0159829392189538,0.213105856252718,11.310585625271798,0.9686668667052184,0.8424526123649424
Case_sample32,1.0,5.0,169.3197435589994,323.1065811863332,0.0161553290593166,0.2154043874575554,11.54043874575554,0.9462027488599216,0.8472510140400094
Case_sample33,1.0,5.0,726.5807750848576,508.8602583616192,0.0254430129180809,0.3392401722410795,23.92401722410795,0.950936451874071,0.9306863981238784
Case_sample34,1.0,1.0,477.7395678621896,425.91318928739656,0.0212956594643698,0.2839421261915977,18.39421261915977,0.9818514622729648,0.8320586914165296
Case_sample35,0.1,5.0,683.1028480285258,494.3676160095087,0.0247183808004754,0.3295784106730057,22.95784106730057,0.8470863246161442,0.9474335555058644
Case_sample36,1.0,1.0,381.2901440575844,393.76338135252814,0.0196881690676264,0.2625089209016854,16.25089209016854,0.95910692707455,0.8505049254623601
Case_sample37,0.1,1.0,750.5631956987203,516.8543985662401,0.025842719928312,0.34456959904416,24.456959904416006,0.9144387220127816,0.8544350267054719
Case_sample38,0.1,1.0,262.670391229532,354.2234637431773,0.0177111731871588,0.2361489758287848,13.614897582878488,0.898210830897924,0.9108141510976414
Case_sample39,0.1,5.0,542.2261515995253,447.4087171998418,0.022370435859992,0.2982724781332279,19.827247813322785,0.8513067043793532,0.8005221829954422
Case_sample0,0.1,5.0,381.8664478444962,393.9554826148321,0.0196977741307416,0.2626369884098881,16.263698840988805,0.8348312858949638,0.8240755072535964
Case_sample1,0.1,1.0,899.7956682502146,566.5985560834049,0.0283299278041702,0.3777323707222699,27.77323707222699,0.8167826825137265,0.9372877059810846
Case_sample2,0.1,5.0,464.6585494718072,421.5528498239357,0.0210776424911967,0.2810352332159572,18.10352332159572,0.8269936659529468,0.8424390244028356
Case_sample3,1.0,5.0,939.7216007191546,579.9072002397181,0.0289953600119859,0.3866048001598121,28.66048001598121,0.946769623104573,0.8329894500023496
Case_sample4,0.1,5.0,788.9390730655806,529.6463576885269,0.0264823178844263,0.3530975717923512,25.309757179235124,0.8951241992275144,0.9503208810170678
Case_sample5,0.1,5.0,484.7675109493603,428.2558369831201,0.021412791849156,0.2855038913220801,18.550389132208007,0.9269543568456372,0.919750700687648
Case_sample6,1.0,5.0,598.7477052921951,466.2492350973984,0.0233124617548699,0.3108328233982655,21.08328233982656,0.9011698493034148,0.9288107736026494
Case_sample7,0.1,5.0,669.1727613319566,489.7242537773189,0.0244862126888659,0.3264828358515459,22.64828358515459,0.8471208571728568,0.989287710403754
Case_sample8,0.1,5.0,421.5075819603847,407.1691939867949,0.0203584596993397,0.2714461293245299,17.144612932452993,0.8813339179503907,0.9005015637289685
Case_sample9,0.1,5.0,355.0272594232028,385.0090864744009,0.01925045432372,0.2566727243162673,15.667272431626728,0.8644100890462187,0.8182313439435273
Case_sample10,0.1,5.0,987.3263414242332,595.7754471414112,0.0297887723570705,0.3971836314276074,29.71836314276074,0.8199701737415082,0.9534826613035656
Case_sample11,1.0,5.0,858.823808887692,552.9412696292306,0.0276470634814615,0.3686275130861538,26.86275130861538,0.9855453364916243,0.8107865010097869
Case_sample12,1.0,5.0,161.17836971966324,320.3927899065544,0.0160196394953277,0.2135951932710363,11.359519327103628,0.969038968777642,0.8917615961698522
Case_sample13,0.1,5.0,587.8975161072832,462.6325053690944,0.0231316252684547,0.3084216702460629,20.84216702460629,0.8004157678662402,0.9136487470475826
Case_sample14,0.1,5.0,137.59397846229,312.5313261540967,0.0156265663077048,0.2083542174360644,10.835421743606444,0.8577226098638878,0.8043395535847223
Case_sample15,0.1,1.0,658.665577504748,486.22185916824935,0.0243110929584124,0.3241479061121662,22.414790611216624,0.8806125738966095,0.96402293986228
Case_sample16,0.1,5.0,965.8218316523051,588.607277217435,0.0294303638608717,0.3924048514782901,29.240485147829,0.8746986913402519,0.8780838275422838
Case_sample17,1.0,1.0,224.3999708408229,341.466656946941,0.017073332847347,0.2276444379646273,12.764443796462732,0.9341206386800396,0.9087935475725162
Case_sample18,1.0,1.0,804.2513281772198,534.75044272574,0.0267375221362869,0.3565002951504933,25.65002951504933,0.811751080777398,0.8891577326991569
Case_sample19,0.1,1.0,275.2280074739475,358.4093358246492,0.0179204667912324,0.2389395572164327,13.89395572164328,0.8915886949654444,0.8992561602431799
Case_sample20,1.0,5.0,237.57726682565988,345.8590889418866,0.0172929544470943,0.2305727259612577,13.057272596125776,0.9597686649447006,0.884933506427091
Case_sample21,0.1,1.0,619.1911432785785,473.0637144261928,0.0236531857213096,0.3153758096174619,21.537580961746187,0.9303435422846398,0.8699465911424209
Case_sample22,0.1,1.0,453.2878618933684,417.7626206311228,0.0208881310315561,0.2785084137540818,17.850841375408187,0.9742329858824132,0.8626776740188837
Case_sample23,0.1,5.0,559.7524576497982,453.2508192165994,0.0226625409608299,0.3021672128110663,20.216721281106626,0.9641823981693748,0.973415018764226
Case_sample24,1.0,1.0,207.9101970936399,335.97006569788,0.0167985032848939,0.2239800437985866,12.398004379858664,0.9392825781632091,0.8094907586058493
Case_sample25,1.0,1.0,522.6604881362522,440.8868293787507,0.0220443414689375,0.2939245529191672,19.392455291916715,0.8055217505447138,0.8198192740172056
Case_sample26,0.1,1.0,921.4076653517644,573.8025551172548,0.0286901277558627,0.3825350367448366,28.253503674483653,0.9551962298283454,0.8713132549071675
Case_sample27,1.0,1.0,181.7286235233023,327.24287450776745,0.0163621437253883,0.2181619163385116,11.816191633851163,0.8330638091052437,0.8547567774252318
Case_sample28,1.0,5.0,764.7126002213694,521.5708667404565,0.0260785433370228,0.3477139111603043,24.77139111603043,0.9115646044927038,0.958164191129228
Case_sample29,1.0,5.0,882.0700619918471,560.6900206639491,0.0280345010331974,0.3737933471092993,27.379334710929932,0.9056905741384732,0.9786560854448964
Case_sample30,0.1,5.0,749.4262005529791,516.4754001843264,0.0258237700092163,0.3443169334562176,24.43169334562176,0.9156900855198322,0.9708778052144134
Case_sample31,1.0,1.0,709.084392834678,503.0281309448927,0.0251514065472446,0.3353520872965951,23.53520872965952,0.8867756302981414,0.9271638972993654
Case_sample32,1.0,1.0,688.2379876760083,496.0793292253361,0.0248039664612668,0.3307195528168907,23.071955281689075,0.9839533826035842,0.8582888760198335
Case_sample33,0.1,5.0,413.482471211188,404.494157070396,0.0202247078535197,0.269662771380264,16.9662771380264,0.8552907530592417,0.916450372662823
Case_sample34,0.1,5.0,293.48022387040044,364.4934079568001,0.01822467039784,0.2429956053045334,14.299560530453345,0.8422539979329196,0.9441392246992611
Case_sample35,0.1,5.0,316.1672354160196,372.0557451386732,0.0186027872569336,0.2480371634257821,14.803716342578213,0.8513192852868681,0.9827255029009854
Case_sample36,1.0,5.0,825.8151088037162,541.9383696012387,0.0270969184800619,0.3612922464008258,26.129224640082583,0.8708009259055322,0.8373951680598571
Case_sample37,0.1,1.0,115.62300717871612,305.207669059572,0.0152603834529786,0.203471779373048,10.347177937304805,0.95080656962572,0.9399838817586318
Case_sample38,0.1,1.0,345.67314586886755,381.8910486229559,0.0190945524311477,0.2545940324153039,15.45940324153039,0.9764532332941332,0.8492831722711456
Case_sample39,0.1,5.0,529.6022951051675,443.20076503505584,0.0221600382517527,0.2954671766900372,19.546717669003723,0.9218514875658766,0.8458450090036875
