sample_num,HF_y-25_z20,HF_y-15_z20,HF_y0_z20,HF_y15_z20,HF_y25_z20,HF_y-25_z50,HF_y-15_z50,HF_y0_z50,HF_y15_z50,HF_y25_z50,HF_y-25_z75,HF_y-15_z75,HF_y0_z75,HF_y15_z75,HF_y25_z75,HF_y-25_z100,HF_y-15_z100,HF_y0_z100,HF_y15_z100,HF_y25_z100,RMSE_z20,RMSE_z50,RMSE_z75,RMSE_z100
Case0_sample0,7.6588857534482795,18.571609344827586,42.60369544827587,13.4129489137931,7.620780401724136,3.504838093103448,7.501238686206896,12.546135044827583,5.483391212068967,3.4435725258620695,1.8842744637931035,3.800314460344828,5.161893406896549,2.775278756896553,1.7579243827586208,1.1591388893103451,2.040652582758621,2.496469510344828,1.6477507284482755,1.0885885827586206,32.5008519296537,16.26733752123756,9.024345080493877,4.496963205335791
Case0_sample1,7.891169924137932,18.91412603448275,46.090051,14.018302086206894,7.965496981034483,3.7133843413793106,7.432866872413794,14.036104189655175,5.754598813793102,3.6282172499999983,1.9600778051724135,3.7254584189655175,5.704113603448276,2.9126923862068965,1.8566748448275858,1.1428503036206896,2.0811294568965515,2.608703044827586,1.6353387431034483,1.042672372758621,31.828126492863433,15.854536377780747,8.844578957814049,4.4762892863297035
Case0_sample10,13.682834,31.90628263793103,69.09869962068966,24.1179705,13.825290137931038,6.976333279310346,14.699124051724137,26.88022560344828,11.524428448275863,7.076980181034484,3.7620039396551714,7.231187475862069,11.512872274137935,5.903443220689656,3.7066603775862075,2.054409643103449,3.5996544586206896,5.0579958689655165,2.9635481741379315,1.9311455603448278,23.983857987930538,10.399921255688966,5.75034466529926,3.0539570405481524
Case0_sample11,15.049630258620692,35.2585643275862,75.06773856896554,26.629246948275856,15.249453344827588,7.778700770689656,16.696986724137926,31.165390965517254,13.450099184482758,8.031729646551726,4.1461718637931035,8.248755501724137,13.245251499999998,7.1572180293103465,4.364423065517241,2.201235027586207,4.007853501724138,5.777124920689655,3.6730127775862083,2.3534432655172415,22.846298771142983,9.373716704712432,4.806452210899795,2.573165430749103
Case0_sample12,8.79943152413793,20.817357482758617,49.057437810344815,15.788468603448276,8.94377812413793,4.06803120862069,8.540228663793103,15.179912860344832,6.454007831034482,4.0693282,2.0959811862068958,4.306512896551725,6.051046184482759,3.2357113448275863,2.075358087931034,1.194306298448276,2.1865359913793108,2.7943545086206902,1.7040865568965515,1.1561509246551724,30.35585602370835,15.145391981303296,8.531259498958605,4.36603824029104
Case0_sample13,14.825409189655177,34.4252041724138,73.58462918965517,25.829602,14.939837793103449,7.717195055172416,16.376519499999997,28.91055810344828,12.580534229310347,7.824236110344829,4.119305296551724,8.26612887586207,12.268621005172411,6.23379251724138,4.1002693758620685,2.1880645999999992,4.206506227586207,5.357513351724138,3.163945074137931,2.120670270689655,23.113291197304008,9.577591516575913,5.304153007982597,2.815429873218758
Case0_sample14,12.455961293103448,29.401662620689653,64.14698172413794,21.702838689655174,12.445318224137932,6.124633784482758,12.736181610344836,22.12858498275863,9.907678312068965,6.119244962068962,3.1485903603448273,6.109917618965518,9.18422870862069,5.023869391379308,3.2087408,1.6978125206896548,3.125653979310344,4.067325908620689,2.627875975862069,1.7573791741379308,25.344844824576004,11.799878113680204,6.747969571122359,3.51379208555231
Case0_sample15,9.762012963793104,23.329296810344832,52.49719394827587,16.849837448275863,9.66372039655172,4.5332068293103465,9.656891812068965,17.058174862068963,7.197016750000002,4.550620787931034,2.2941756810344827,4.756588344827587,7.0547129741379315,3.6677581103448285,2.348586786206896,1.3601648015517243,2.4634366793103437,3.227589222413793,1.9667084241379313,1.3285616668965519,29.042687921365083,14.280673445131292,8.043439889358135,4.098571464905665
Case0_sample16,10.528956703448278,24.697666431034474,55.76116243103447,18.319134844827584,10.487490312068964,5.0658659344827575,10.613779100000002,17.8796491137931,8.194756065517241,5.057276432758622,2.637376332758621,5.326729822413791,7.433380596551726,4.163997501724137,2.6899092793103447,1.480918268448276,2.72792485862069,3.526165350000001,2.191969468965517,1.4540243362068968,27.92152714854545,13.549868591809831,7.633938139700338,3.893950107056274
Case0_sample17,9.125102456896553,21.71653334482758,50.67596622413792,15.926483500000002,8.998149231034484,4.136722555172415,8.542377239655172,15.658437917241377,6.529623870689657,4.078002953448276,2.080101306896552,4.159353094827585,6.416232903448277,3.1989009172413785,2.0660779068965516,1.1946451494827586,2.2534437586206892,3.027134113793102,1.7914221172413796,1.1641595727586207,29.96727391690656,15.027427162173613,8.484230314933102,4.276850749501733
Case0_sample18,12.848101310344829,30.444485241379308,70.28034520689654,22.872475758620688,13.037658913793104,6.199576986206895,13.113259879310348,25.70671006896552,10.461944743103446,6.390211868965517,3.1403163758620694,6.4400556620689695,10.270793962068964,5.2765729413793085,3.2476252689655176,1.7272728465517246,3.2613356431034477,4.416456329310345,2.631274375862069,1.744128984482759,25.011747223210484,11.261456358741011,6.415315426337591,3.4093825618009053
Case0_sample19,10.07950361724138,24.09695015517242,55.9068258275862,17.485381241379315,9.970549148275863,4.729113546551724,10.051423960344827,18.23062365517242,7.453232953448277,4.652810553448275,2.403142715517242,4.782096343103446,7.254352418965519,3.7934290224137936,2.364217515517241,1.3294523806896552,2.391069025862069,3.1990012137931036,2.0959701551724135,1.3627874037931034,28.467444726523546,13.912647987910907,7.944613295774448,4.087217290206343
Case0_sample2,7.022455025862068,17.21541801724138,40.42102760344828,12.368197586206897,6.968077415517242,3.1736480827586218,6.99893033103448,10.84754600689655,4.994395644827586,3.0645742413793107,1.7363482568965518,3.48256939137931,4.295258379310345,2.601272082758621,1.6210298396551728,1.0217778512068967,1.8712913482758613,2.133470398275862,1.4464792760344822,0.9567543396551725,33.540265693436524,16.94374279517808,9.370623035098864,4.70724354571967
Case0_sample3,8.15918264137931,19.365064241379315,46.866100896551735,14.326310120689657,8.16451770862069,3.692857608620689,7.638913934482759,14.131026727586207,5.9634479551724136,3.717883263793104,1.9525074206896549,3.8907251431034484,5.578096605172414,2.9821119448275857,1.8936474172413793,1.169831374310345,2.1225133775862073,2.5795102034482764,1.765826993103448,1.0985150529310341,31.499598792612034,15.74509042578702,8.823126758528183,4.436039232403966
Case0_sample4,11.531262275862069,27.164856499999992,59.26450418965518,20.073085844827588,11.546843362068971,5.682586220689656,11.97429219827586,19.94479737931034,9.016047050000001,5.669334856896552,3.0438635310344817,5.807470679310349,8.185199777586208,4.533498384482761,2.9993167706896555,1.7375847637931034,3.000755396551724,3.7106427689655184,2.4062317465517244,1.6771222551724136,26.495357779545834,12.58351475293105,7.19491246285492,3.6781549513266265
Case0_sample5,13.660376896551726,32.34025293103448,68.23474574137931,23.55485943103448,13.556066655172414,6.767457325862069,14.518651908620688,24.878085310344822,10.947049267241379,6.810705818965518,3.4442940603448275,6.881575856896552,10.621039775862068,5.624594503448273,3.6204945431034483,1.8832052431034483,3.373591824137931,4.750912782758621,2.9508649689655178,1.9409237120689655,24.078905307441627,10.76811068171805,6.079681892072967,3.1778644094984747
Case0_sample6,12.334390448275865,28.721035637931045,62.48216641379312,21.44324072413793,12.357182,6.145780705172411,13.07874579482759,21.990676362068967,9.62287971034483,6.072824131034485,3.26887575,6.55364987586207,8.929990648275862,4.873606282758621,3.128622672413793,1.7981319982758617,3.2206955586206893,3.944377389655173,2.5698949120689654,1.7206853568965514,25.529678364236105,11.836767986659018,6.792857395545175,3.5389573937174457
Case0_sample7,15.484870637931035,36.4223303275862,75.01152517241381,26.776398137931032,15.478686948275863,8.187437720689655,17.714161982758622,31.280526672413792,13.150584672413794,8.127653377586205,4.321991656896552,8.79004970862069,13.373229370689653,6.72632635172414,4.2843508896551725,2.3174134034482754,4.384850855172414,5.6895905448275865,3.310019068965518,2.1947731913793103,22.515215144121147,9.216291851492233,4.8964739025844475,2.658451084963562
Case0_sample8,11.253065637931034,26.781457017241383,59.43712555172412,19.485164793103444,11.140393327586208,5.307368968965516,11.164187798275865,20.679976637931034,8.512968689655173,5.3193628965517235,2.623788462068966,5.253907613793104,8.516795136206895,4.432046513793102,2.797298439655173,1.4491750500000007,2.689653072413793,3.589188481034484,2.326081912068966,1.5699241310344831,26.875820020777194,12.890174547935864,7.31643643957008,3.8341981868940804
Case0_sample9,16.40304446551724,38.18609544827586,79.03321487931039,28.25960320689655,16.3851314137931,9.100313110344828,19.5875855,33.84200499999999,14.275780258620689,8.908958162068965,5.079662781034482,9.956464563793103,14.884337070689657,7.44251066551724,4.789474387931034,2.8417661551724143,4.969904622413793,6.75505591551724,3.78342175862069,2.516197868965517,22.157083327066022,8.669565688103686,4.277992520844008,2.1487343981085134
Case1_sample0,7.506967394827587,18.05844934482759,41.0301405,13.114771155172411,7.442075431034483,3.490971855172414,7.249182944827586,12.096140872413791,5.466751937931035,3.4211882741379314,1.8538454672413796,3.6254169965517242,5.127267260344828,2.820062272413793,1.8237947224137934,1.0626116168965518,1.963926677586207,2.3929609000000003,1.5863029577586203,1.0546953613793106,32.91665108454316,16.40884347967712,9.038486989668442,4.569310056431398
Case1_sample1,6.782911268965516,16.656191999999997,39.61919389655172,12.147939155172413,6.814348162068966,2.94551593448276,6.303584448275862,10.474775363793103,4.904809044827585,2.993821817241379,1.4893581724137932,2.986457572413793,4.015228146551724,2.6525731103448273,1.6400085362068964,0.8856107346551725,1.6328423689655172,1.917620617241379,1.5555289498275855,1.038899489137931,33.87747785050332,17.21989166956652,9.527066424289105,4.783125144558151
Case1_sample10,7.86337570862069,18.75748124137931,42.179327224137936,13.878816293103444,7.887224832758619,3.7599416620689654,7.662308686206895,13.209378937931033,5.8563488982758605,3.7001700827586217,1.9996472534482763,3.791436194827586,5.542694403448278,3.0015454206896552,1.9645995758620693,1.1441897136206898,1.9606014172413793,2.5172503844827583,1.6406404532758623,1.1479568458620693,32.287231068839816,15.924563726626676,8.823624333894283,4.4938488362198346
Case1_sample11,9.928976870689654,23.94563386206897,51.181362637931045,17.08663831034483,9.704683158620691,4.610747529310344,9.810407287931037,16.37653353448276,7.206102793103447,4.5183705862068955,2.309217927586208,4.602406527586207,6.510611596551724,3.6960423362068964,2.3665989241379317,1.289889147758621,2.232553093103448,2.8894502724137925,2.079930856896551,1.3459932974137934,28.881631657213095,14.354518896373063,8.175232175221645,4.204307852396784
Case1_sample12,14.405172913793098,34.02761832758622,71.12719077586208,25.125175224137926,14.395308241379308,7.180146205172412,15.22608949137931,27.474580120689662,11.662730786206897,7.253511158620686,3.628969722413793,7.264766513793105,11.344430244827585,5.995097289655174,3.807522268965517,1.87015775,3.453118315517241,4.758590877586207,3.025835739655173,2.049762505172414,23.289851079718417,10.194438621332994,5.735533348685149,3.1261502891821205
Case1_sample13,13.857487310344828,32.01155715517241,68.27200146551723,24.290738379310337,13.945684810344824,6.913130582758622,14.27039887931035,24.80048529310345,11.456917848275861,7.065137693103448,3.5758670275862063,6.876968493103448,10.311328436206894,5.619927655172414,3.68602280862069,1.8886072672413794,3.249088503448276,4.461246320689653,2.7854527793103445,1.9417466017241376,23.79197239857753,10.592625466766522,6.110190782735169,3.2948598340379465
Case1_sample14,12.244880827586206,29.088469103448283,60.11204515517239,20.884338758620693,11.988878896551725,5.85686995,12.05170691034483,20.06642491379311,9.097812506896547,5.78565381724138,2.943308603448276,5.635260251724139,8.244879608620687,4.590762329310343,3.028455634482759,1.5781247448275864,2.767053946551724,3.64899817586207,2.3825909258620697,1.6285139568965519,25.688997166302595,12.467896181348541,7.193210166067284,3.7640413072322776
Case1_sample15,16.293137499999997,38.262168465517234,74.77267124137929,28.03305012068966,16.285549327586207,8.663008406896553,18.721111500000006,31.090474965517235,14.044425189655176,8.6649893,4.71759818965517,9.360956699999997,13.5160688224138,6.989975036206895,4.556346782758622,2.4371127655172415,4.443738115517242,6.043392744827584,3.5098396189655174,2.402991624137931,21.565761069448534,8.688603208627788,4.654760174429219,2.460423946062209
Case1_sample16,8.906830949999998,21.221164017241378,48.38982182758622,15.537335896551726,8.890182862068968,4.098707198275862,8.379534951724137,14.657269760344825,6.575297674137929,4.112118381034483,2.0757078499999992,4.046229901724137,5.943811043103447,3.367053096551724,2.1827327482758614,1.1708041193103447,2.1540437568965514,2.7637899862068975,1.8249280517241377,1.2492173401724138,30.3884485628502,15.223161842413692,8.541227043582028,4.337626726346529
Case1_sample17,15.407344603448273,35.59520663793104,76.62255751724135,26.933919999999997,15.557271155172412,8.083675368965519,17.35535227586207,31.76340996551724,12.947118327586209,8.108683556896553,4.372410103448276,8.9095476,13.695812610344829,6.652056410344826,4.223478068965518,2.308014582758621,4.507552418965518,6.009929831034482,3.456772320689655,2.2588022586206895,22.812776767518077,9.351988321158895,4.891882165400165,2.537244123287468
Case1_sample18,15.567569034482759,36.34559565517242,72.22465774137932,26.918910310344835,15.513845241379308,8.063805705172413,16.9386859137931,28.468046793103447,13.286074,8.171270579310345,4.147840665517242,8.024709582758621,12.03500850172414,6.665604155172412,4.3564103965517225,2.152534153448275,3.975212198275863,5.154059268965515,3.2864653499999994,2.3218076948275868,22.098396905963245,9.18995064988637,5.156111284828701,2.8087919355904343
Case1_sample19,9.858873308620693,23.256421189655168,52.70186291379309,17.253136413793104,9.901697281034481,4.626657268965518,9.378468236206897,17.05522105172414,7.777223106896551,4.801348779310348,2.364714822413793,4.4853000086206904,7.121878325862069,3.9560623362068963,2.5144316775862077,1.3319704806896544,2.3978415293103454,3.3521373327586197,2.167250279310345,1.4248908948275858,28.862388854065582,14.126054473559648,7.947776733784133,4.01830717220446
Case1_sample2,11.217289920689655,26.41603701724138,61.059030793103446,20.07375720689655,11.435866556896553,5.421543581034481,11.157605143103446,20.086683155172416,8.828587674137928,5.51732105,2.7856888879310344,5.502717670689655,7.79198786896552,4.191387999999999,2.7970155586206897,1.585668143103448,2.8473727706896543,3.3488889948275866,2.1216580275862063,1.495785679310345,26.723611051833245,12.824796446213764,7.487698665254062,3.913692379594511
Case1_sample3,12.667237586206895,29.51516525862069,66.69003263793101,22.179263431034478,12.71194956896552,6.2262710603448275,12.764211724137926,25.08061320689654,10.195326693103446,6.361314996551726,3.1473137862068974,6.1098862482758625,10.469473087931036,5.143510391379309,3.302710934482758,1.6863470206896554,3.0795031189655178,4.533730789655173,2.7426448637931045,1.8025223172413798,25.21183778702488,11.40222312484349,6.4559152698797675,3.3739135361655213
Case1_sample4,13.522733206896557,31.336723275862074,68.52380867241378,23.732952913793092,13.62914517241379,6.870591253448277,14.255633913793107,25.81291137931035,11.574611144827589,7.080365684482759,3.6535231948275864,6.954417089655172,10.851284434482757,5.855099556896553,3.7200587362068958,1.9821004103448276,3.498845000000001,4.763780677586208,3.037189156896551,2.002806331034482,24.216631690537913,10.51673079733438,5.914822846532595,3.1115301725263054
Case1_sample5,10.901022355172412,25.63522760344828,57.784922137931005,18.997403793103455,10.869533458620689,5.192077337931035,10.884136093103443,19.87183418965517,8.358412494827588,5.213615977586204,2.6376565862068975,5.357122924137932,8.149160017241378,4.139712617241379,2.6875649965517243,1.4483096101724138,2.709974975862069,3.689546818965518,2.2742111724137932,1.4510755008620686,27.360768741300806,13.121081589026007,7.483772191915217,3.8442304780573893
Case1_sample6,14.681836448275867,34.42556968965518,71.95335951724135,25.192631862068968,14.546468844827587,7.481578801724139,15.992785844827585,27.043655086206904,12.056139170689654,7.421627305172412,3.8996974551724146,7.711357251724136,11.351828194827588,6.071283910344828,3.9243903155172415,2.0676693327586206,3.7749633224137926,5.075675179310345,3.065686818965517,2.0827025655172413,23.219357515278546,9.911655042608091,5.608108935246928,2.9679548297686016
Case1_sample7,8.97684347413793,21.43327293103448,50.71335141379312,15.85702601724138,9.012267827586205,4.1264788120689655,8.683877462068963,15.603664034482756,6.641349610344829,4.120369658620691,2.0878347500000003,4.293165817241379,6.434714813793104,3.2965615568965516,2.1126361,1.2075287112068962,2.2517541431034487,2.999296793103449,1.7685267396551727,1.1533286655172412,30.06661457937557,14.983652827939522,8.422602477326892,4.289365807058112
Case1_sample8,8.417973608620688,19.952865499999994,44.471416965517236,14.638458931034485,8.378609856896551,3.9403873724137926,8.327306348275858,13.56555263965517,5.9960022103448285,3.8388315637931028,2.071133996551724,4.004018101724139,5.592817320689655,3.034534337931034,1.953080825862069,1.1736366618965515,2.078078322413793,2.606499884482758,1.7536633086206894,1.123836802068965,31.41103218485566,15.649940537488556,8.764597996432807,4.431504337473828
Case1_sample9,10.958606101724135,25.91185534482758,58.34286574137931,19.391972793103445,11.079240975862069,5.193216506896549,10.723283012068965,19.092436741379313,8.55225889137931,5.275921263793104,2.65512361551724,5.126383058620689,7.7575639913793095,4.244960441379311,2.761122620689654,1.4672378620689652,2.5616531586206897,3.553656360344827,2.2362242534482757,1.5403254051724138,27.132800003595225,13.196562831521492,7.5525320043106206,3.8828704097438784
Case2_sample0,14.136145051724135,33.08037962068965,67.58451758620689,24.168644362068964,13.989513086206896,7.143090870689654,14.897909610344833,25.91456512068966,11.186922244827588,7.0308498810344835,3.6987472741379306,7.08081450689655,10.877768517241377,5.848160870689656,3.710566762068965,1.921209420689655,3.36574414137931,4.712692356896553,3.0595074344827577,2.0205380310344823,23.55257559589297,10.452775440583974,5.894504810238658,3.140387245216886
Case2_sample1,14.840787948275864,34.796624913793096,70.95434839655175,25.78748998275863,14.842469931034483,7.571166201724137,16.139730310344827,27.078291637931034,11.99969663448276,7.481043063793105,3.9263978103448274,7.6710536637931055,10.81073094827586,5.864209363793103,3.8349266896551724,2.0884620810344825,3.609842258620689,4.44124297586207,2.9104417620689658,2.0516733413793102,22.78842232097326,9.868650743804118,5.7879641191176585,3.1760325715860467
Case2_sample10,12.939540724137938,29.89055187931035,65.67691303448278,22.990124086206897,13.186705706896552,6.418660122413791,13.12828085689655,23.302298672413798,10.591251279310345,6.621093336206899,3.3970902482758625,6.3857490344827585,9.424638898275862,5.267120489655172,3.43867138275862,1.881321068965517,3.1442782413793102,4.101844818965517,2.6385483051724146,1.8395000482758623,24.69843448757307,11.28892294207526,6.518878870639817,3.453289925233891
Case2_sample11,9.698877432758623,22.826645172413794,53.72678087931035,17.009217155172408,9.732323875862066,4.549706772413793,9.435478398275862,17.003527781034478,7.16333236724138,4.596495475862068,2.3601168413793103,4.878758598275861,6.914193368965518,3.5064320827586197,2.3179183706896556,1.3727606570689657,2.6721131999999996,3.2374211689655175,1.9276033068965521,1.2993734258620688,29.03792762124584,14.318428863483753,8.102641505107577,4.0809187048988935
Case2_sample12,14.237248327586205,33.40006706896553,69.05984927586208,25.009728741379305,14.319339603448272,7.223680106896553,15.583965275862067,25.62671,11.866799091379312,7.389421810344827,3.861063610344826,7.687509267241376,10.394334005172412,5.98863253275862,3.8976021086206893,2.1277150137931033,3.714140217241378,4.588790246551724,3.0128401086206904,2.089490603448276,23.27183162209865,10.138815549739846,5.815430835851228,3.09187425294244
Case2_sample13,13.280978051724139,31.26182510344827,69.09880672413794,23.080119482758622,13.251193568965515,6.599659213793104,14.011307320689655,26.474112827586207,10.872844137931036,6.663926212068967,3.4432657499999992,7.0525222465517245,10.71571932241379,5.255404400000001,3.3385188120689655,1.8383248879310343,3.487558203448274,4.683651636206896,2.578469405172413,1.6995352586206893,24.593729496501947,10.843755619244245,6.220111660127445,3.3258627212096665
Case2_sample14,9.008868436206896,21.862621275862065,46.92030160344827,15.632259465517237,8.923731515517241,4.373067967241379,9.145136674137929,14.732542563793102,6.437471501724139,4.111794687931034,2.3209810431034494,4.504892310344828,6.245942258620689,3.2229209086206896,2.1130749706896546,1.2675515815517242,2.219829403448276,2.817532291379311,1.8614103717241381,1.1937578465517242,30.322390253113415,15.05246883412378,8.430535715425464,4.304781735050653
Case2_sample15,15.696649155172418,36.841634517241374,75.83530403448275,27.361135517241372,15.682603862068966,8.128567775862068,17.26269544827586,31.14660286206897,13.196411431034482,8.15108733275862,4.26081800689655,8.441652015517244,13.12889557586207,6.6740500275862065,4.271834400000001,2.273931703448276,4.204036474137932,5.443368356896552,3.411648937931034,2.2629012879310344,22.32344476130196,9.24360308195249,4.977836462745022,2.6928586175259372
Case2_sample16,11.092070086206895,25.845015293103444,59.11275420689654,19.19200620689655,11.084260172413794,5.3299187724137935,10.831315429310349,20.27023631034482,8.46428625,5.3605104051724135,2.692663248275863,5.107049096551723,8.382700339655175,4.374127586206896,2.8072563689655174,1.4895733386206895,2.645838739655172,3.672833539655172,2.3636335155172414,1.582825837931035,27.179299870053537,12.987770655837842,7.373205936378596,3.8023296402988653
Case2_sample17,10.681972082758618,24.69641546551724,56.308724103448284,18.794240275862077,10.840303446551722,5.114131593103449,10.211256499999998,18.833439931034484,8.15375243103448,5.179632008620689,2.6969316224137936,5.2997588534482745,7.691134770689655,4.086171674137931,2.6310991431034494,1.5422446437931037,2.8260927568965517,3.3967505775862072,2.2145311068965525,1.4884324265517241,27.669816831344175,13.440171776265242,7.608871817975681,3.8931028211399736
Case2_sample18,7.254797391379311,17.74633143103449,39.878406568965524,12.695459413793102,7.2345945293103435,3.283548003448277,7.089579382758621,11.637418715517239,5.198187208620691,3.283342398275863,1.6907791689655172,3.390283239655172,4.970852303448274,2.7777464844827584,1.6989703706896557,1.0125987624137933,1.8434363517241381,2.3609030189655162,1.6132608122413798,1.03458655137931,33.31302808588889,16.657662548904273,9.163583768489248,4.602108003866087
Case2_sample19,11.448117448275868,27.009557948275873,59.82407070689654,20.077266896551723,11.480385103448276,5.502306929310345,11.5316217862069,20.201151034482756,8.834525667241374,5.528739898275861,2.907015962068966,5.5175878120689665,8.354358987931032,4.3625373086206904,2.816956056896552,1.557916336206896,2.8602506741379305,3.6967683396551725,2.3334702482758627,1.5277974379310344,26.55114526536031,12.729609952098217,7.2987151804866315,3.775928834996293
Case2_sample2,8.466305339655172,20.01231439655172,47.95127687931034,14.9059264137931,8.465783981034484,3.7986328758620704,7.587855387931031,13.955359729310342,5.938274708620689,3.773361237931033,1.8852611689655174,3.6481125810344834,5.556632136206897,2.910445724137932,1.868646806896552,1.0417308556896554,1.981167353448276,2.551757789655173,1.5976244831034487,1.0185371634482758,31.0050106015001,15.755843125581306,8.897356532224908,4.53344382255847
Case2_sample3,10.37147989137931,25.13365641379311,52.831192448275864,17.768805293103448,10.193477860344826,4.8629121206896535,10.281595705172409,16.3884891724138,7.557723208620691,4.751197517241378,2.395027796551724,4.827647984482759,6.756595375862068,3.720497998275862,2.412576020689655,1.2799357627586203,2.4645986672413795,3.041329405172413,1.943379403448276,1.3222238456896556,28.196666852137476,14.095915780186314,8.06191040444783,4.164864241693115
Case2_sample4,15.35269586206897,35.23673882758621,74.09011453448275,27.06732918965516,15.572548586206894,7.947036624137932,16.538326620689652,29.692177155172406,12.989333425862071,8.08100410172414,4.240769877586206,8.364851027586205,12.961158803448274,6.559503705172417,4.252844470689655,2.2680282500000004,4.2649305637931025,5.729839667241379,3.3059474120689654,2.244397937931035,22.46707444813442,9.359509554945147,5.049878600556173,2.6533653070204206
Case2_sample5,7.077586775862071,17.36049356896552,41.27855737931036,12.498512931034481,6.970245368965518,3.1361169017241366,6.7729291672413785,12.004167243103446,4.996000812068966,3.0871663241379315,1.5916275413793108,3.443487020689655,4.758264075862069,2.6197162568965515,1.5973416568965517,0.9281064077586206,1.8903356379310343,2.1529941741379313,1.5498790272413792,0.9941909087931035,33.36834059844211,16.750532821718654,9.27834200039593,4.684571798055495
Case2_sample6,16.470198637931034,38.45294313793104,77.24919951724137,27.986125827586203,16.21975098275862,9.02884400862069,19.30201244827586,32.948704000000006,13.683666241379315,8.601227205172416,4.751914468965518,9.587215924137935,14.339681967241381,7.163044491379311,4.583133194827585,2.4473494086206893,4.659322031034483,6.146236000000001,3.749340343103447,2.4485477741379307,21.9199817311184,8.792267206628285,4.500780446473022,2.3622841190157216
Case2_sample7,12.182085155172413,28.69009877586208,60.94965863793105,21.05018182758621,12.101182120689655,5.966587744827587,12.200893217241374,21.828576413793108,9.741490120689654,6.022410717241377,3.017114574137931,5.97708941551724,9.199103318965516,4.922106606896552,3.1603881620689647,1.6227534224137927,3.1113328448275865,4.089575398275861,2.5711793344827587,1.685252946551724,25.704849891306125,12.00795479299945,6.817473675931541,3.5503471678403637
Case2_sample8,8.095414663793099,18.92073815517242,44.80492387931035,14.321894517241379,8.19335522413793,3.77053972413793,7.584425605172414,13.97271492241379,6.113327893103449,3.8359455862068974,1.9544345258620681,3.7719448810344827,5.800267524137932,2.970096362068966,1.922306751724138,1.107000419482759,2.097483362068965,2.643826946551725,1.6614846965517232,1.0909281331034482,31.771041425926754,15.710229280162896,8.78797293092635,4.454079626112342
Case2_sample9,8.302517631034483,19.803701086206896,44.906155896551724,14.942673344827584,8.459533753448277,3.764345586206897,7.557263729310345,13.465486210344828,6.040669944827586,3.8386658206896547,1.9733039465517241,3.7306630775862066,5.530471970689655,2.980696977586206,1.907983637931034,1.1295355658620692,2.0257037051724143,2.5538930017241372,1.5849161603448274,1.053771828448275,31.315811678136946,15.826312392097421,8.854503525723626,4.5083100487964485
Case3_sample0,9.0535447,21.710904068965522,48.96735799999998,15.900599603448278,9.060404653448275,4.2024864,8.886883494827586,15.210999217241376,6.870052429310344,4.2573375637931035,2.1943382362068973,4.142935598275861,6.2084084775862065,3.610078148275861,2.251769543103448,1.2475292779310345,2.142744151724138,2.8667448017241384,1.9652902931034486,1.3066825765517245,30.085162891880024,14.925127569249913,8.371379922854379,4.260585712585159
Case3_sample1,12.680110051724139,29.856143965517234,64.70740353448275,21.93198715517241,12.599866362068965,6.302159201724138,13.281394451724136,22.517990965517242,9.853106894827588,6.195047291379312,3.2969431689655173,6.3430678034482755,9.40309692586207,4.822934822413792,3.2072952862068957,1.7569403172413793,3.072830305172413,4.262391724137932,2.5368184620689656,1.698407879310345,25.147840636994488,11.633507180146543,6.722224919585033,3.495806936341568
Case3_sample10,7.652652524137929,18.471513413793105,42.82661996551725,13.311299293103447,7.56722034827586,3.428095986206897,7.129483613793104,12.219631424137932,5.475053582758621,3.487383975862069,1.7801670155172413,3.4505008758620686,5.009597479310344,2.8163885637931036,1.8028249017241385,1.0295525734482758,1.8619907103448272,2.3395651637931034,1.6155398534482754,1.062782159137931,32.538853480912834,16.404239024628826,9.106411067969232,4.596026194794658
Case3_sample11,8.17073215,19.63983063793104,43.92776389655174,14.136709706896553,8.149150043103448,3.750436120689655,7.833369281034483,13.320994798275862,5.89948698448276,3.750914143103449,1.9400706844827582,3.7279719637931037,5.630079543103449,3.0556030068965505,1.9799031844827584,1.0952686237931035,2.0608650189655178,2.5865532948275867,1.6514098491379312,1.0889620958620687,31.75906030703906,15.8583376401383,8.801556618853478,4.4786235487120045
Case3_sample12,8.118276910344825,19.490964931034483,45.73635562068966,14.34644596551724,8.07807356551724,3.6801850379310346,7.765476981034482,13.335001729310347,5.851555256896551,3.6822666689655175,1.9071200431034483,3.9335621499999998,5.489022974137933,3.024064625862069,1.90125369137931,1.1033291667241378,2.205990760344828,2.5856690999999996,1.7156056400000002,1.0925706098275862,31.583031462763227,15.906529382642619,8.829334684937756,4.443557558449445
Case3_sample13,9.88948229482759,23.467304620689664,55.88332586206894,17.458646103448277,9.984065010344821,4.604015774137932,9.498498968965517,18.56591044827586,7.461754475862071,4.667645662068966,2.3575223137931043,4.773483270689655,7.689952620689652,3.8087015275862073,2.4172981051724145,1.3379030205172415,2.504951546551724,3.5444348637931036,2.132044703448276,1.3442618737931034,28.62926119298695,13.97804032414361,7.843548110238968,3.979118654257993
Case3_sample14,10.98146268965517,25.967237051724137,57.84146829310347,19.23451037931034,11.018749068965516,5.3109981137931035,11.030668274137934,19.261285258620685,8.56694983275862,5.326673979310345,2.7154946206896553,5.517727743103447,7.890004763793105,4.229283774137931,2.7794685137931037,1.481373727586207,2.913151531034482,3.577651281034483,2.2231901568965515,1.5109312620689654,27.182604647891726,13.082076161797895,7.463838893563415,3.8373515485652874
Case3_sample15,15.687568155172418,36.277438689655156,74.37571696551727,27.17659982758621,15.598721068965515,8.262893703448276,17.661651103448282,30.79391767241379,13.343252167241381,8.180014375862067,4.241834331034483,8.61286418275862,13.23820797586207,6.7600826706896555,4.300276087931033,2.1730045017241384,4.1814224672413784,5.77796892413793,3.4299202534482767,2.291778703448276,22.262159298182024,9.117058132164583,4.916942419347518,2.626800672347927
Case3_sample16,6.783225589655173,16.495280724137928,39.711646431034474,12.05449812068966,6.808856044827589,2.9939790189655175,6.367313787931036,11.230184668965517,4.822157306896552,3.0056585344827584,1.5429267068965518,3.1818078293103436,4.487219420689656,2.502748246551723,1.5606292155172412,0.9259567553448274,1.7578279434482762,2.135634115517241,1.473212038793103,0.9436287615517243,33.9278228855201,17.057893667431923,9.428308439400162,4.73487421996602
Case3_sample17,14.996378327586203,34.91301608620689,71.9285108275862,25.937840913793092,14.951429293103448,7.7638326689655175,16.116562327586205,27.921455431034488,12.395721989655174,7.696393363793105,4.065310710344826,7.835666732758622,11.818208498275856,6.207382924137931,3.9963194827586195,2.1295422465517246,3.8971941310344826,5.184265579310345,3.145286813793103,2.1176391448275864,22.779959238144055,9.659532987021313,5.445738298433709,2.895513539504301
Case3_sample18,10.636695456896552,25.056703120689654,57.81353013793106,18.617684431034476,10.690415106896548,5.040380229310343,10.382043077586204,19.234374500000005,7.961879339655175,5.034927179310345,2.5878898586206893,5.090507167241379,7.825054448275862,3.945627344827587,2.5740521258620683,1.4162708401724138,2.5311333896551726,3.537130591379311,2.1327999793103447,1.446848120689655,27.66879072217207,13.447868873574064,7.673988438626358,3.9412993495125
Case3_sample19,13.045145275862067,30.49652794827587,66.00364756896553,23.07934543103448,13.209310448275861,6.38502872241379,13.359037420689654,23.678690103448275,10.619808037931037,6.5807412034482775,3.3010359293103453,6.31952429137931,9.572997274137931,5.31239010689655,3.3981273017241382,1.7673534931034487,3.0567829465517242,4.094130401724137,2.772624855172414,1.8897220051724142,24.561278958934043,11.236489858117093,6.501997622265181,3.4450064686542334
Case3_sample2,14.565003586206895,34.26838182758621,72.64624729310344,25.506340379310338,14.633017931034487,7.452720396551725,15.783788172413795,29.92840903448276,12.608922444827583,7.655298148275864,3.9022093310344834,8.057504170689656,12.690976165517245,6.646429060344828,4.095319124137932,2.1137816827586207,4.201091839655173,5.360390105172413,3.394816162068964,2.2279355965517236,23.227822478429648,9.76764645297966,5.1502854980189,2.750928319365179
Case3_sample3,12.333122844827589,29.14643325862069,63.134827086206904,21.552759482758617,12.404906206896548,6.071980765517243,12.645830844827588,21.466365396551726,9.783124603448279,6.07169464827586,3.150611889655172,6.197414081034484,8.937198427586209,4.831237991379311,3.166407136206896,1.7648263172413794,3.09154625862069,4.068335343103447,2.552461156896552,1.7296534551724139,25.43137177134262,11.93895584328524,6.853438415470162,3.5293611703409047
Case3_sample4,8.351047653448278,19.877857568965513,46.7504116724138,14.871861086206895,8.394342150000003,3.8790391413793106,7.958244974137927,15.179741691379308,6.406756920689656,3.9724503137931033,2.010963858620691,3.924616251724137,6.420489022413793,3.3691488862068963,2.0701455137931037,1.1209445234482758,2.0615961775862073,2.9588703431034475,1.8387890465517236,1.1812231351724138,31.166953405293544,15.315719814903495,8.477794459634328,4.320234050897052
Case3_sample5,13.246286344827583,31.566998172413808,66.57640922413793,22.745731982758624,13.071117896551723,6.592538496551724,14.176350858620692,24.99761268965517,10.297708467241378,6.455516803448275,3.3733136155172416,6.9328808362068965,10.423561279310343,5.116682979310345,3.3554332810344834,1.7766723879310344,3.393783936206896,4.612997137931034,2.612151989655173,1.7702767827586208,24.51295107401527,11.07623774850718,6.3325527573489815,3.3370628082065164
Case3_sample6,14.04640903448276,33.11364115517242,70.39792544827587,24.320847879310342,13.96648356896552,7.138012382758619,15.585503844827588,26.803464086206894,11.50041123448276,7.055005318965517,3.671396417241379,7.530870143103448,11.200109255172412,5.712245968965515,3.679740698275862,1.9370181103448276,3.697384067241379,5.123035005172413,2.9132117362068963,1.981812513793104,23.753178376912857,10.268273450368103,5.844263357842956,3.044339018754356
Case3_sample7,11.701956551724138,27.69239768965518,58.92923755172415,20.192399724137935,11.623067241379312,5.713483186206895,11.8382205,19.1129120862069,8.451892568965516,5.474997839655174,2.982463463793104,5.65717285862069,7.688147751724139,4.0162082189655175,2.7075733827586217,1.5890124862068966,2.7805562499999996,3.5219730137931036,2.077461684482759,1.4278561120689661,26.31777744720182,12.87800170293016,7.538844483162607,3.9016743718375144
Case3_sample8,16.068867,37.771025672413785,77.47706841379309,27.810972327586207,16.017700137931033,8.588350306896551,18.634583568965514,33.911122482758614,13.857051437931034,8.50495326551724,4.560585136206895,9.63520593275862,15.323933189655175,7.284368755172416,4.486481915517242,2.3515767948275856,4.762255856896552,6.795238208620691,3.727042201724138,2.3349987655172413,22.200106048484763,9.045199804529238,4.447111823213677,2.300199205174893
Case3_sample9,9.725359825862071,23.125604103448275,52.400459931034476,17.180347982758626,9.767538,4.549558877586207,9.70718642586207,16.768478650000006,7.4763937137931045,4.621044068965518,2.351103181034483,4.614044096551724,6.666579775862068,3.8302946568965517,2.413096587931034,1.353400285862069,2.4379079258620693,2.9368211965517235,2.000954908620689,1.4063597017241387,28.972288252488212,14.240740088522267,8.086503122099364,4.1551414201990635
Case4_sample0,12.76411568965517,29.77966365517241,65.43451513793103,22.403231344827585,12.872205879310345,6.309100177586208,13.060361351724142,22.86130206896552,10.337779794827586,6.434155834482758,3.2512759137931044,6.220131236206897,9.433955705172417,5.117820537931033,3.2962311775862063,1.6946637586206899,3.0111940982758623,4.12662967586207,2.615413551724139,1.7502371120689655,24.98023338454293,11.466684483071212,6.627490424808146,3.518143599851535
Case4_sample1,9.96796033103448,23.824429499999997,53.69691275862069,17.59475156896551,10.036667268965518,4.659930967241379,9.565100518965515,17.414020698275863,7.595796905172415,4.737854443103449,2.365740987931034,4.560815927586208,6.905666551724138,3.674139346551723,2.3990337413793092,1.3034190498275862,2.4182081931034487,3.051091412068966,1.9224185517241377,1.3028124620689656,28.562207253442832,14.082335915916774,8.086476315387015,4.1737249531412255
Case4_sample10,15.609155275862069,36.52329324137932,76.45698358620693,27.229230344827585,15.695382379310345,8.279434644827587,18.06944625862069,32.47481277586206,13.46096115862069,8.323749896551726,4.51107096034483,9.250655631034482,14.275129758620695,7.252633722413792,4.461100384482757,2.4162628827586206,4.690389986206896,6.407545056896551,3.731409855172414,2.4304591327586214,22.512841395156535,9.143191134883926,4.540440293862267,2.325383679534916
Case4_sample11,14.228337413793106,33.14047206896552,72.41810510344826,25.232190206896547,14.410571793103449,7.188086008620691,15.20307791379311,28.781460637931037,11.794267898275862,7.22252840172414,3.747546062068966,7.570907156896554,11.840431243103449,5.688110262068968,3.632477624137931,1.9771420655172414,3.6036772999999993,5.08331848275862,2.907335617241381,1.924688384482758,23.55755660621335,10.163296188325422,5.75340101614745,3.0731981546260707
Case4_sample12,7.801661168965517,18.360319413793103,44.65046618965518,13.841396568965514,7.8655207810344825,3.6341979551724144,7.447087393103447,13.209512337931033,5.95007685689655,3.685810955172413,1.8784643758620692,3.6430469362068965,5.392444951724138,2.9940269965517246,1.9022074741379311,1.1073389122413793,1.958774398275862,2.578329182758622,1.6462205510344832,1.0541229548275863,32.15092298560004,15.972224243654294,8.90807329603744,4.5026534833188245
Case4_sample13,9.25226100689655,22.168544344827584,49.731748948275865,16.24387822413793,9.252474874137931,4.383679939655173,9.208704036206896,16.121279282758618,6.936770308620689,4.392431668965516,2.280883113793104,4.531204224137931,6.5386288137931,3.565238220689656,2.282117827586206,1.3338743774137927,2.230359765517241,2.89294988275862,2.0045718637931036,1.3079275468965519,29.770839488435236,14.63083299246985,8.235055664728252,4.22021099102637
Case4_sample14,15.404401396551721,35.84422806896553,76.26003712068965,27.01673629310344,15.576136620689656,7.9536070327586215,16.753508551724135,32.228744931034484,13.541323948275862,8.251885827586205,4.128994144827586,8.257964587931033,13.440822679310342,6.860051363793104,4.282285141379311,2.1805650620689656,4.0880644379310365,5.624915839655173,3.356284848275861,2.2151033068965518,22.69622971310036,9.318846465616053,4.907649357313166,2.7023768793655742
Case4_sample15,15.010015137931038,35.26788005172413,72.62200517241381,26.261236810344833,15.142654913793104,7.792862437931037,16.64868201724138,29.35191846551724,12.64949426551724,7.891314896551723,4.0677701172413805,8.247404017241378,12.62888539482759,6.4792965706896535,4.167151824137931,2.1496783568965516,3.992659786206896,5.505691077586208,3.421036456896553,2.2891934655172417,22.671350828378912,9.505670247991885,5.164395247941453,2.708723044406886
Case4_sample16,16.00436546551724,37.366026758620684,76.96648932758625,27.62736631034483,15.870261034482759,8.451441824137932,18.00206048275862,31.938420689655185,13.982316637931032,8.490216055172414,4.551423468965519,9.2217385,13.785419093103444,7.0070443275862075,4.454755229310345,2.4131515827586214,4.586820120689657,6.046356139655173,3.492451917241379,2.313406703448276,22.260406682859568,8.905759177300554,4.6677989654109115,2.4846262296302766
Case4_sample17,8.46230910689655,20.181125913793107,44.440852672413804,14.502390810344826,8.351194529310348,3.949623517241379,8.309941251724137,13.744052165517239,6.055733094827586,3.900861420689655,2.0398118620689654,4.142383856896553,5.7843708086206895,3.2330138379310336,2.0522554137931026,1.1722886670689658,2.2544434741379304,2.6941985551724135,1.824889537931035,1.2364675346551723,31.406746965206633,15.591788168685659,8.628646048991731,4.344391244558903
Case4_sample18,10.854006684482759,25.783600603448274,57.8458505862069,18.845185689655175,10.778573091379311,5.109985249999999,10.753152662068961,19.56549894827587,8.22126147413793,5.138403403448277,2.5352532948275863,5.103822198275862,7.990734736206897,4.173572960344827,2.646083370689655,1.3834725896551732,2.705745051724138,3.4392197275862073,2.280926318965517,1.5147527337931037,27.405653397121075,13.248999662065211,7.561745386475476,3.902405928138558
Case4_sample19,13.760213448275861,32.17037322413794,70.20002646551725,24.00872493103448,13.870863034482756,7.061353377586209,14.7878429137931,27.48942736206897,11.507680424137934,7.1715321206896565,3.7723827034482764,7.229872546551724,11.552921656896551,6.00915260172414,3.7901066482758625,1.9766492965517242,3.5080152241379303,4.9967977224137945,3.144063681034482,2.0320183344827587,24.04955627037773,10.331387279147632,5.691056957984013,3.0278276795805357
Case4_sample2,13.617808620689656,31.60591270689654,65.34409418965517,23.63095513793103,13.680858120689653,6.810074160344828,13.98398665517241,24.101141206896553,10.919303836206891,6.896333553448279,3.5652637482758602,6.817573036206897,10.415605155172411,5.444376144827584,3.566007093103448,1.9703114517241382,3.4021495396551726,4.622645893103449,2.870571831034483,1.914516610344827,23.97380285349788,10.865384509328841,6.179841862795671,3.2143266326674946
Case4_sample3,12.16395494827586,28.917791551724132,61.9774718448276,20.954240068965525,12.068900879310345,5.9344912017241365,12.70174281724138,22.207365724137933,9.354170275862067,5.849051093103446,3.027864768965516,6.140289493103451,8.923932149999997,4.685992789655175,3.0128910810344824,1.6961260068965511,3.129513567241379,3.962247481034483,2.4191692931034483,1.644690772413793,25.72343993742212,12.029651385475876,6.950489102294325,3.6091654716701047
Case4_sample4,8.745583727586206,20.86981265517241,48.79822981034483,15.622495586206902,8.80335302586207,4.0018710275862075,8.301255293103447,14.848976641379311,6.423347862068966,4.00865066724138,2.0443877224137927,3.997398003448277,5.901592155172415,3.1368848913793106,2.0307958741379317,1.1937414632758627,2.0924446086206894,2.6507235,1.7664393620689653,1.1585631727586212,30.447731213247383,15.27725961491148,8.653761290063539,4.4045839604060095
Case4_sample5,11.636247499999998,27.25909294827586,62.35254417241378,20.342067017241384,11.682909344827591,5.603837999999999,11.517034718965514,21.57731758620689,9.302330960344829,5.728233498275861,2.876477289655173,5.765309198275863,8.781332575862068,4.7482295586206895,2.963988410344827,1.6260568206896553,2.9623818517241367,3.841966946551725,2.4720277499999996,1.6195689517241383,26.38688148957358,12.392914148248709,7.035667027824612,3.6662474033179198
Case4_sample6,9.663714449999999,23.331281724137934,50.39843432758621,16.870016672413797,9.563348660344825,4.476660356896551,9.336249501724138,16.037933272413795,7.248423105172416,4.491676256896553,2.187119253448276,4.302536713793104,6.560657146551725,3.5757353362068973,2.2941664310344825,1.2086372336206894,2.2091752844827584,2.95722045862069,1.9172409396551722,1.2474634851724136,29.183706763759712,14.514882728393728,8.269305498028467,4.25540774673083
Case4_sample7,7.291053082758622,17.7957295862069,42.161369103448266,13.025465775862072,7.319949637931035,3.19742272413793,6.6891550620689655,11.512410665517244,5.264737006896553,3.2356123155172423,1.6352492896551725,3.329047170689655,4.4663317534482765,2.77179235,1.717413012068966,0.9872334429310347,1.813934456896552,2.0320148327586205,1.5870473370689653,1.070902255862069,32.9339047806913,16.764054531945277,9.299898363397356,4.6967479595276975
Case4_sample8,10.947064287931033,25.625833568965525,57.015888758620704,18.85422646551724,10.851814448275864,5.238593031034482,10.635365241379311,19.094492879310344,8.113007553448277,5.170356408620689,2.707619631034483,5.1401135482758615,7.636600381034482,3.9699950275862066,2.6029901775862068,1.4738971844827584,2.5806013379310335,3.3606919500000005,2.088494139655172,1.4209881603448271,27.41212585901918,13.316388017034171,7.681741943436833,3.985705024166198
Case4_sample9,7.058779012068964,16.85242813793103,39.93660682758621,12.50516332758621,7.098662939655173,3.1620354827586215,6.397704587931036,11.30837301206897,5.202852720689656,3.198600624137932,1.6493915413793103,3.199402518965518,4.617715024137931,2.762836001724138,1.7383672362068974,1.0097533920689654,1.814929712068966,2.2289909362068965,1.5607152496551722,1.0285684468965521,33.599809651687124,16.882803136768054,9.28065680154127,4.653714202322453
