sample_num,HF_y0_z20_T20,HF_y0_z50_T20,HF_y0_z75_T20,HF_y0_z100_T20,RMSE_T20,HF_y0_z20_T40,HF_y0_z50_T40,HF_y0_z75_T40,HF_y0_z100_T40,RMSE_T40,HF_y0_z20_T60,HF_y0_z50_T60,HF_y0_z75_T60,HF_y0_z100_T60,RMSE_T60,HF_y0_z20_T80,HF_y0_z50_T80,HF_y0_z75_T80,HF_y0_z100_T80,RMSE_T80
Case0_0sample0,10.638528285714285,25.603530571428568,36.946187,42.48165842857143,2.4171513142857144,6.784491399999999,11.350492185714286,15.868134571428572,1.0403389185714285,2.8775944571428576,5.1139065285714285,7.030505128571428,0.6710941728571429,1.4258185100000003,2.6845642285714284,3.0458671714285717,10.440997602677069,11.13940350899507,10.971493177907766,11.761935583594363
Case0_0sample1,16.882171,39.52087914285714,53.750977999999996,61.03927014285714,4.218432871428571,11.404812142857143,17.283944142857145,25.923146142857142,1.6830442428571428,4.337881657142857,7.382329885714285,11.620304500000001,0.8246975985714285,1.9421953571428572,3.208842028571428,4.585333357142857,7.406734193661341,5.170710384477663,5.014276160018673,3.3102498281758725
Case0_0sample10,25.84592757142857,46.587255428571424,65.66930099999999,77.16205228571428,6.429389371428571,13.61618242857143,24.613891428571428,40.075579714285716,2.3997913285714287,5.388247228571428,10.675494371428572,18.41271,1.1802263557142858,2.3475027285714285,4.949653757142857,8.143754428571429,3.9558984370478654,4.262670125233685,6.9851045663835105,10.690912777772757
Case0_0sample11,14.088325714285716,29.103454285714285,41.95923628571428,48.32612028571429,3.671000814285715,6.8559278571428575,12.593086528571428,17.028165142857144,1.6147781714285716,2.888383057142857,4.956559085714285,7.039625457142857,0.8703270157142857,1.6908567857142855,2.2710820285714286,3.1304301285714287,8.637285110563353,9.808108822083248,9.089785118885153,9.508836884557203
Case0_0sample12,32.47330228571428,66.09058200000001,82.12917757142857,89.41697571428573,7.363954514285715,28.358802999999998,43.71020671428572,57.00905828571429,2.791076985714286,12.903822642857142,22.132427857142858,29.434232857142856,1.41370854,5.361781071428572,11.025196457142858,13.157390985714285,4.002901115033808,12.840848697105029,18.53863877984249,21.903045271612154
Case0_0sample13,18.71803342857143,46.96116842857143,63.939296000000006,63.52374042857143,5.005083557142856,11.60713957142857,26.793331857142853,28.331156142857143,1.9711076857142857,4.4425382,10.511385714285717,13.115107542857144,0.9547777685714285,2.0732845571428573,4.2129965,5.104519728571428,6.459274906016862,5.245086887488012,6.3641328426321335,3.0494742374294646
Case0_0sample14,19.425767714285715,46.49250514285715,58.52556214285715,64.54253700000001,4.414634385714286,12.910830142857145,22.935896285714282,29.978089571428573,1.6533729000000004,5.175095857142857,10.253583428571428,14.122525571428572,0.9347690185714284,2.5008030999999997,5.2147014714285715,7.200180842857144,6.442886520458494,4.467090789409865,3.714570141372285,2.925417502201618
Case0_0sample15,19.355252142857143,41.73551214285714,60.83226357142856,62.35669728571428,4.709960471428571,12.161143757142854,25.48835,24.208150142857146,1.8750746571428571,4.324869514285715,10.256983142857141,10.518453042857143,0.9274821042857144,1.7711895285714285,4.433156771428572,4.7084176,6.338484677342554,4.737754547897018,4.83225540262744,4.241723948234435
Case0_0sample16,15.176949142857143,31.463708142857147,44.45061,50.156507857142856,3.7414646999999994,7.8656032,13.096009285714288,20.659099142857144,1.43462332,3.0154844714285716,5.359632257142857,9.296376871428572,0.7233968785714285,1.5043508285714287,2.3596191428571425,4.480332528571428,8.232256222808264,8.721699383109204,8.17595797039648,7.183782429795025
Case0_0sample17,33.75267528571428,63.826643999999995,76.56888728571428,82.2033337142857,7.804996671428571,23.019427857142855,30.531716142857142,46.50638914285714,2.9194257428571433,9.2042002,14.018119857142855,24.08728,1.3966512857142859,3.6904377857142863,6.707271328571429,11.523352928571429,4.256813225124952,10.920974223572102,12.635727686819862,15.177068920681537
Case0_0sample18,18.438247142857144,39.315512142857145,53.88039128571428,58.57325957142857,4.436458914285715,10.35536352857143,18.97507871428572,21.930590999999996,1.6309975714285712,3.9443819,8.287752185714286,9.246445642857141,0.8439781942857144,1.7894146999999998,3.6875359285714286,4.061719057142858,6.790351900642409,5.691156783364713,4.09327841431763,5.219609453086142
Case0_0sample19,21.49942342857143,43.41515499999999,59.28125514285715,66.295477,6.120453042857143,13.12556692857143,22.252098714285715,28.775469999999995,2.276211285714286,5.6694615142857145,10.810436885714285,12.478086314285713,1.1432253842857143,2.382170742857143,5.0851761857142845,5.264986314285714,5.123233608318073,3.866102891079959,4.045951807752106,4.2172946007383265
Case0_0sample2,9.964959914285714,19.217408857142857,32.65462657142857,35.934070999999996,2.1226136285714285,5.393471742857144,9.220848842857142,8.595395114285715,0.8701676542857143,2.2541515,3.7908009285714286,3.1991930428571425,0.46974985857142854,1.1062156642857144,2.1178901285714287,1.5854778857142857,10.82764965866155,14.156030078570737,13.397689870769819,16.99464598114756
Case0_0sample20,28.935366857142856,62.66235271428571,72.80465814285715,82.31580614285714,7.858551942857143,22.10204428571429,35.922332,47.40873357142857,3.1794942285714285,9.871904457142858,17.80730557142857,24.591392714285714,1.428736761428571,4.391035700000001,8.741843285714285,11.4629691,3.066658724741978,10.213764196745206,12.127422195084467,15.55486486736592
Case0_0sample21,10.737599685714287,22.735363285714282,32.546560142857146,36.51303085714286,1.946070285714286,6.070955128571429,8.378213928571428,9.92720282857143,0.8393242142857142,2.375269728571429,3.270331171428571,4.229147028571429,0.5858498385714286,1.1211076328571428,1.5600603314285715,2.0092008285714282,10.543964421485445,12.548800542853773,13.822731194447012,16.172960457870378
Case0_0sample22,14.780579285714285,37.917377714285706,49.929209571428565,52.539825428571426,3.7118746571428574,10.382656928571427,17.13874228571429,21.380808857142856,1.3867006200000003,3.954214271428572,6.910911157142857,10.899836357142856,0.7895148585714286,1.8610451857142858,2.917805428571429,5.094641385714286,8.396237257782444,5.9125037733090995,5.306551474063571,5.796869515965856
Case0_0sample23,9.239559957142857,14.778422,28.276461285714284,29.745532,2.0800243142857147,4.249317571428571,7.737068428571429,8.837955571428571,0.9659716114285715,1.8054710000000003,3.653696614285715,3.7328721142857146,0.6330133099999999,1.0962533514285715,2.0789801142857143,1.9216351857142855,11.11505888307882,16.337530993638836,15.470529979898346,19.074320848833736
Case0_0sample24,24.033644857142857,53.14408785714286,70.05394771428571,76.68862200000001,5.760986099999999,15.965051671428572,29.27886942857143,34.443780714285715,2.3595207142857144,6.259660157142856,13.61946897142857,15.334459142857144,1.189862,2.9993961142857137,6.579947657142857,7.051065928571428,4.517537647431671,5.894169688304946,9.324533396291582,9.205069180891398
Case0_0sample25,12.285343457142856,27.223523,40.41213242857142,50.779625714285714,3.0930490999999996,8.305723899999998,13.572257628571426,15.826992285714285,1.3169156714285715,3.4163315142857145,5.607371557142857,6.711546,0.6987302557142856,1.516485257142857,2.642256371428572,3.1191394714285714,9.565004621603224,10.036632663961475,9.063708025988745,9.342481615929431
Case0_0sample26,19.244257714285716,37.01857142857143,48.875021714285715,55.53296185714286,4.414300399999999,10.245451714285716,15.838416285714288,23.194640285714286,1.690190385714286,3.954850685714286,6.931979014285715,10.904254085714285,0.9250047271428572,1.9950824857142855,3.2368301714285717,5.0359337,6.497331291063665,6.129291221292946,5.825591855500704,4.482346555696626
Case0_0sample27,15.142258985714282,31.706240714285713,41.209125285714286,51.512905571428576,3.5448485857142864,7.4902784,14.364485000000002,19.992487714285716,1.0809600285714287,3.1050547714285712,5.428855742857143,9.976696200000001,0.5621892557142857,1.763063057142857,2.234850814285714,4.626378514285714,8.371418723253006,8.705570158835465,8.672150411054169,6.7973998468144465
Case0_0sample28,26.08777157142857,47.676932571428566,63.90928100000001,74.35902685714287,5.4556978,13.875729957142857,29.442214571428572,35.24485757142857,1.948404442857143,6.508519957142858,14.15497134285714,16.543152,1.0150906071428571,3.2895182285714286,6.6300405285714294,7.389978914285714,4.425355627643779,4.010497087773453,6.467984747370977,8.254910861641028
Case0_0sample29,20.635644714285714,42.477070857142856,57.55356457142857,61.93533142857142,4.6676062428571425,11.521545385714287,18.29038928571428,27.819757714285718,1.5782939857142857,4.487695942857143,7.3532007,13.334080757142857,0.7960255257142858,2.1415087285714285,3.370579928571428,6.638026428571428,6.015918841257225,4.795742795942091,5.327920507804596,2.0978939978223403
Case0_0sample3,15.418237571428573,34.743435999999996,48.946762142857146,47.08328157142857,3.947633385714286,9.161055514285716,13.161050714285713,18.040350142857143,1.4650661785714285,3.3590234857142853,5.350278414285714,8.065744442857143,0.768827477142857,1.6086708042857143,2.427222257142857,3.532705514285714,8.078310088351111,7.25728196850888,7.363027438021541,9.311337026857169
Case0_0sample30,10.845807742857144,23.69826714285714,31.839132714285714,44.46364357142857,2.8328786999999997,5.767206528571429,9.928549242857143,13.803093142857145,1.3321932471428573,2.287041342857143,3.9075474,5.340305742857143,0.7998505214285714,1.1370351214285714,1.9151608142857144,2.477122114285714,10.210785553482989,12.257850344110441,13.504370126522169,12.112474204772697
Case0_0sample31,10.6032067,22.12369985714286,34.724006571428575,39.405935428571425,2.5417972428571427,5.726279257142857,8.755210442857143,12.218760800000002,0.9779067842857143,2.4510318714285715,3.680045285714286,4.9224378714285715,0.5281405371428571,1.1993711542857142,1.9585704571428573,2.4838750857142857,10.448470584777889,12.856374202985753,12.843030799596567,14.32497323008599
Case0_0sample32,13.751517428571427,25.24402471428571,40.422650857142855,47.90741685714285,2.9482519,6.559985471428571,11.835703685714288,19.42062642857143,1.2516941714285714,2.667703542857143,4.995992985714286,9.463420614285713,0.75791917,1.3080899314285712,2.3470793000000003,4.075102014285714,9.012863141382976,11.381442986242838,9.758905351300722,8.292483436874244
Case0_0sample33,22.707774857142855,46.60592328571429,63.36383928571429,65.1819,5.448915714285714,12.675990414285712,26.426815714285716,27.321754,1.9636988714285712,5.180835185714286,11.340571742857145,12.4907371,1.0944103628571429,2.2275391428571427,4.800969814285715,5.8263699,5.053481442630864,4.6128468979118935,5.921324897371668,3.708167737557811
Case0_0sample34,27.308438857142853,56.161707,71.65235142857144,81.49375842857144,7.296823771428571,18.009280285714286,34.10143571428572,43.856565428571436,2.776680771428572,8.014432385714287,15.840607857142858,20.959513571428573,1.5027506428571429,3.9268723142857147,6.412110685714285,9.788365114285714,3.347742994095136,6.90556773808562,11.02830777415368,13.716634646563689
Case0_0sample35,31.217807571428576,61.24663999999999,79.40908414285715,88.00735057142857,7.062664671428571,18.898825428571428,36.56482457142857,47.297108571428566,2.692442442857143,7.644809571428572,15.999680857142858,23.359105857142854,1.2906375857142858,3.551265642857143,6.935276771428572,11.880269100000001,3.8305459265657125,9.455981090277744,15.039034426706023,17.61219978551207
Case0_0sample36,24.621863714285716,56.33717971428572,74.4143217142857,74.5759672857143,5.207211714285714,19.718413857142856,35.081523,36.828708999999996,1.8647424714285716,7.783780328571429,15.252586285714287,18.05364632857143,0.9835340057142857,3.0491075285714286,6.656569857142857,8.289134185714286,4.752541402358918,7.134967795749602,12.440851415857582,8.742846865024832
Case0_0sample37,33.658735285714286,63.034664571428564,76.0891687142857,84.752268,7.916212257142858,21.568907142857142,39.19704314285714,46.34919857142858,2.823782242857143,10.35863,18.530490285714286,23.475104999999992,1.395151257142857,4.394755485714286,8.318955985714284,12.207802414285718,4.2228877558370845,10.345435556633436,14.388749053025892,16.077795330643397
Case0_0sample38,24.347456571428577,51.78758414285715,72.468222,73.73192957142858,5.809837185714286,17.275852,34.55656742857143,40.692908,2.1736129,7.542615457142857,13.823569214285715,21.112654157142856,1.1182584085714284,3.2539267857142855,5.6327317,9.050624542857143,4.495040908547645,4.960027547675961,11.435050559465873,9.77233295841267
Case0_0sample39,31.199773428571426,59.71231614285715,71.57126657142858,86.07474971428572,7.094439542857144,19.468933714285715,35.34218842857143,42.39010914285715,2.6332493714285716,8.3377867,17.507368842857144,21.075617857142856,1.2284749285714285,3.8581140428571423,7.636056714285714,9.481622571428572,3.8448248166757986,8.656368126222574,11.40915414001812,15.287289945494505
Case0_0sample4,9.315442128571428,20.712286714285714,28.657991857142854,28.67364157142857,2.2499133285714286,5.550176828571429,8.462474214285715,9.386631757142856,1.0874868585714286,2.1758335285714288,3.0228643571428577,3.979677171428571,0.6279085614285714,1.0848524114285714,1.398446537142857,1.818842342857143,11.030023465525963,13.519600159045254,15.293476175561569,19.325238121481966
Case0_0sample5,13.49170542857143,26.349916714285712,39.68153171428572,44.714746999999996,3.5247909714285712,6.331618414285715,12.0863624,14.77693557142857,1.4621825471428571,2.5374466714285715,5.421254385714286,6.674051242857145,0.7838937457142857,1.3332274357142857,2.7537148714285715,3.483701571428572,8.94399878994176,11.04373158111037,9.773994624012394,11.33675544042871
Case0_0sample6,22.785000285714286,53.21607157142857,69.14523342857143,72.7904852857143,5.916644828571428,16.572291857142858,31.898535000000003,38.847365,2.4099839285714286,7.1447193,12.764814,18.187158857142858,1.2617725257142856,3.2986826000000002,5.189402,8.188721085714286,4.753320611164397,5.70470344225919,9.386593774539756,8.548825546348239
Case0_0sample7,15.935101999999997,37.420556,50.09577114285714,54.963757428571434,4.1083041428571425,9.595973328571429,18.970715285714284,24.413506714285717,1.6135412,4.082946085714286,8.697544500000001,10.555234071428572,0.8492313985714287,2.049385745714286,3.871575757142857,4.59568737142857,7.8048899750899485,6.213897950095523,3.9647897563314425,4.476044727279893
Case0_0sample8,10.2922842,22.335243857142853,34.60471342857143,34.997806000000004,2.3113895857142857,5.958064671428572,9.656110842857144,12.918990285714285,1.0145219642857142,2.6484387285714286,4.949533514285714,5.916163042857143,0.6048881928571428,1.2227740885714287,2.564228114285714,2.7374660714285715,10.617787645581824,12.683829898541086,12.333379775777459,15.567389766254225
Case0_0sample9,32.614605000000005,65.95623314285714,78.56506028571428,87.91152485714285,8.481480957142859,30.097541857142858,37.50402857142857,53.971234571428575,2.7952866000000003,14.2283027,18.985265571428574,27.205651999999997,1.3081847714285715,6.109252499999999,9.642376785714285,12.350649042857142,3.7826125873772463,13.23099475493439,15.127353880067986,20.031001993945015
Case1_0sample0,12.384576285714285,22.218781142857146,40.157484714285715,38.60045642857143,2.641057585714286,6.542786414285715,8.878631214285715,12.731524442857141,1.0568026528571428,2.7501941999999997,3.3503538000000006,5.428085014285714,0.6309444328571429,1.3513927014285712,1.766649957142857,2.3051728285714286,9.674706895385263,12.566409880849504,11.23631590299855,14.390244158152836
Case1_0sample1,18.332440285714288,40.52307871428572,57.61199871428572,65.722183,4.553702528571429,11.429959171428573,22.839273428571428,28.651914428571434,1.837576457142857,5.038722271428571,9.346614685714286,12.863787442857141,0.84032907,2.3555694285714286,4.499807871428572,5.932251142857142,6.756564864919246,4.748456287735276,3.6706535791143393,3.776872068223035
Case1_0sample10,22.70824671428571,51.658406428571425,62.872662,64.87701657142857,6.178990857142857,14.626265714285713,21.70439257142857,27.701626000000005,2.2692571,5.562970028571428,8.45175622857143,12.237360985714286,0.95525859,2.442807628571429,3.7244354000000004,5.171975542857143,4.776211240633646,5.643867161458953,6.254461286491763,3.7550253334090087
Case1_0sample11,14.166020857142858,35.18956728571428,45.39365942857143,50.42464485714286,3.559366457142857,9.2128678,13.219740571428574,16.870921714285714,1.3478639799999999,3.628693885714285,6.010776985714286,7.984842571428571,0.8460067071428572,2.0230122142857145,2.6706813142857144,3.8695242571428574,8.677288392588983,6.994828007433719,7.722029583721395,8.666519328261389
Case1_0sample12,20.99576928571428,47.02106242857143,64.273389,69.06932714285715,4.845805,15.216453142857144,24.458969,33.10632257142857,1.8964457142857143,5.4590989571428565,11.211534700000001,13.399773642857141,0.97656787,2.3815451142857142,5.047071514285713,5.943186457142858,5.757766150794017,3.984782354647335,6.253360559374974,5.668666582006336
Case1_0sample13,37.759921,67.853003,79.2619507142857,92.06778257142855,8.699203728571428,25.377737,44.63175185714285,53.961509142857146,3.4089555714285713,10.099770700000002,24.050756714285715,25.852986571428573,1.5657989785714286,4.185512314285715,11.168136800000001,11.577236542857142,5.56084368922208,13.124133048447097,17.936114981126106,21.3627306721506
Case1_0sample14,13.054363285714286,31.181762285714285,45.09005128571429,51.904767285714286,2.914768228571429,9.367848142857143,15.912908142857143,16.533405857142856,1.1640579142857146,3.7708367428571425,6.543889299999999,6.427910471428572,0.61030035,1.6183169142857143,3.0993834999999996,2.657076971428571,9.32560566628825,8.227232153055127,6.694780317303076,9.00211628815634
Case1_0sample15,8.61205272857143,18.191021,27.92295642857143,34.83114714285714,2.0538211857142854,4.8437323857142855,8.225006071428572,10.408267857142858,0.8891982914285713,1.9314408571428576,3.8863090714285717,4.609818714285715,0.57672073,0.9784138328571429,2.143326547142857,2.113422814285714,11.40111002667742,14.762010300476861,15.438563020845185,16.567441263781117
Case1_0sample16,9.396032971428571,20.620310571428572,30.767221142857146,33.17651842857143,1.912189014285714,4.562112371428571,9.534186442857143,9.808202642857143,0.7751542842857144,1.8844957,4.081879371428571,4.077581685714287,0.49584775285714283,1.0287540585714285,2.0859173285714285,2.0273513571428574,11.123221008828645,13.841252522256475,13.969583431635824,17.444431006602997
Case1_0sample17,34.55255185714285,65.32631,78.96661642857143,85.04915142857142,8.219790528571428,22.669272000000003,44.63322342857144,50.95142242857143,2.994077057142857,8.565522814285714,19.938997142857144,29.06348642857143,1.4538913971428573,3.6816304428571436,9.73354317142857,15.547009757142858,4.423910129667687,11.631975319537673,17.236920956465013,18.61143872289565
Case1_0sample18,11.361944614285715,25.17465957142857,32.96729142857143,40.144932,2.637535471428571,8.268318585714285,9.5045526,10.898670285714285,1.0265160514285714,3.5152366857142856,4.012301271428571,4.372297071428571,0.6290634471428572,1.5411112,1.9667377,2.2114559000000003,10.097293783270034,10.83644567110192,13.180848830094964,14.600406034127248
Case1_0sample19,12.497494542857142,27.619943857142857,38.723577999999996,43.908454,2.8209009714285713,6.60438232857143,11.061897185714285,12.412771942857143,1.039363592857143,2.655356414285715,4.424604614285714,5.2863169857142855,0.52934774,1.4471053785714285,2.1981057857142856,2.541975042857143,9.59852212975566,10.472902461899235,10.659003969333405,12.718828257368514
Case1_0sample2,10.0095775,23.97582714285714,33.40616557142857,38.91711628571428,2.4758773142857144,5.866465257142857,10.322190257142855,10.983346457142856,1.06821572,2.3933974142857144,4.548924742857143,4.582263528571429,0.6589752557142857,1.1666239785714285,2.079852771428571,2.3610528285714283,10.688113452255532,12.105059992641538,12.690305419353813,14.929720876237527
Case1_0sample20,9.857251757142858,18.114767714285712,27.272970142857144,35.83646057142857,2.3060373857142857,6.100256128571429,7.297835257142857,10.677689271428573,0.9588035557142857,2.770344685714285,2.906484542857143,4.5671501999999995,0.5570110214285714,1.4105418028571428,1.3924560714285712,2.1723545,10.812549046249055,14.371728629654202,16.148454580299738,16.1262169039318
Case1_0sample21,14.540904842857142,37.86159257142857,49.288292999999996,56.20223871428571,3.3369677714285717,9.940855785714286,15.862447271428573,19.854261428571427,1.4649247285714289,3.8459853142857137,6.371274342857142,9.160026900000002,0.8142381128571429,1.6911199000000001,2.939840828571428,4.381587642857143,8.566742292330515,6.127857986971447,5.969143519724411,6.0924671906222505
Case1_0sample22,24.170381714285714,52.534463714285714,69.15460642857143,77.99018371428572,5.995683814285714,15.959880714285713,28.09794928571429,37.661147571428565,2.3935552999999996,6.498316942857143,12.929895928571426,14.970726842857143,1.249477054285714,2.7870204999999997,5.881756571428572,6.3973206142857135,4.39149097252519,5.614107641448369,8.76143139478955,10.448829740509831
Case1_0sample23,14.030393285714284,32.100693142857146,48.09161528571428,50.207618857142855,3.5987149,7.552681300000001,15.260065857142859,18.96189671428571,1.3096318742857143,2.9156791285714285,6.5222498,8.455356528571428,0.6004552942857143,1.6126332857142855,3.367707242857143,3.861859157142857,8.751402496965753,8.62218677350884,6.239808145988211,7.945116372463408
Case1_0sample24,8.636783642857143,21.125566714285718,26.035439142857143,33.26191971428572,1.8561356142857144,5.255925271428572,6.968478114285714,9.612551971428573,0.8117056500000001,2.0014758285714285,2.9029130714285714,4.4652448,0.50876178,1.011598662857143,1.6382941142857141,2.2645556714285715,11.448780698026672,13.455259924626658,16.69323319296421,17.379148426071144
Case1_0sample25,24.48285471428571,57.08094414285713,62.22983328571428,76.26902885714286,6.661982600000001,18.09523357142857,28.67542171428571,36.709261285714284,2.562138442857143,6.806477842857143,13.985482085714285,18.70700242857143,1.3052162185714287,2.8063301571428565,6.5543654,8.707886228571429,4.053578930788874,7.569937273294298,5.5443385569210575,9.508292936597073
Case1_0sample26,26.029888285714286,57.47284857142857,67.36059728571429,78.02702657142858,6.566822928571428,19.798752714285715,30.36738342857143,40.61372557142857,2.569048328571429,6.945231671428571,14.664550157142855,18.882580142857144,1.3011904357142858,2.8441868571428572,7.304681357142857,8.3392983,3.8139345893220042,7.7835795561821675,8.248602102277733,11.224445817695605
Case1_0sample27,18.15241057142857,42.79195842857143,58.849515571428576,62.27610257142857,4.047923714285714,10.826169671428573,24.35190928571428,28.071894571428572,1.5593220142857143,4.047327885714286,11.34682657142857,13.173839885714285,0.9095829971428572,2.0019691857142856,5.3673683571428565,5.630235285714285,7.00395171472916,5.196085617129859,3.605232684305908,2.4901596506766404
Case1_0sample28,29.290408714285714,58.14743385714285,76.21419614285716,85.079213,7.199734785714284,23.75574,37.80291085714286,45.50300257142857,2.9424060142857145,10.248757142857142,17.850229714285714,21.881547285714284,1.3822081157142858,3.986778185714286,8.108190185714287,10.217629114285714,3.3964870820455295,8.286529666005052,14.028654149490288,15.724252577901497
Case1_0sample29,27.064489285714284,60.30869657142857,75.00170185714285,84.45486857142858,6.9334609714285715,18.800056,36.22320814285714,48.482982142857146,2.9567108428571425,8.159118300000001,16.224321571428572,22.596947000000004,1.5080418285714288,3.7942598,6.920412300000001,11.405279114285715,3.4320702625955573,8.944340915224933,13.00471448105494,16.442248459317657
Case1_0sample3,18.10274014285714,43.396207571428576,53.28793571428571,64.92371628571428,4.5631999,11.96968595714286,17.724095285714288,25.739690714285718,1.7601634999999998,5.067525314285715,8.209692314285714,11.225638000000002,0.8378896714285716,2.290566728571428,4.052167371428572,5.108057214285714,6.851676011093232,4.449835440170458,4.429381265794797,4.276753735041175
Case1_0sample30,12.810673542857144,29.59088457142857,40.34307785714286,51.83947857142857,3.462905614285714,6.801136342857142,13.567785757142858,19.40759071428571,1.2262730085714286,2.7630246571428567,6.6931348,8.338436814285714,0.5774730757142857,1.5023742142857144,3.2362779285714285,3.3392379285714284,9.290753399711189,9.702420603765226,8.80574606689137,7.482821517176944
Case1_0sample31,25.084472285714288,46.9232077142857,65.05927428571428,70.50835342857144,5.918541357142858,17.378103285714285,27.390634857142857,34.255692857142854,2.1810794571428573,7.463625628571428,12.790269685714287,14.93552057142857,1.1204075071428572,3.3598201857142853,5.0278191,6.071932785714286,4.318735513541459,2.888433281675264,6.75109466239502,6.411703736904345
Case1_0sample32,24.88435771428571,58.619985,68.30674014285715,77.03252785714287,6.126902299999999,21.585296428571432,32.38604,39.09357885714286,2.3052921,7.966902485714286,14.80772355714286,18.592183785714287,1.1542174171428574,3.222201928571429,6.829592471428572,8.20153017142857,4.243525219127717,8.347944653207103,9.098021631439172,10.391037955975017
Case1_0sample33,30.102008714285713,66.67882999999999,80.66090185714286,87.10554028571427,6.845568342857143,23.216841,39.33247628571428,51.517595428571425,2.5505731285714286,9.26326037142857,17.215366142857143,25.88725014285714,1.31823091,3.807262028571429,7.227913457142857,11.942528385714285,3.7401242832458945,12.319185026382382,16.268354832502066,18.774719824211797
Case1_0sample34,31.434662142857146,66.35147757142856,78.48534628571429,83.00204014285714,7.407778471428571,24.221250999999995,35.84959585714286,46.24172542857143,2.686200714285714,9.312722757142856,17.576820857142856,25.701356714285712,1.209457842857143,4.101323257142857,7.692687085714286,12.479304799999998,3.7909267930099553,12.26215514137828,14.576216318302283,15.691706751997149
Case1_0sample35,17.551713,38.24585542857143,54.432149571428575,58.15546957142857,4.061509714285714,10.717332185714286,20.85071285714286,21.669429714285712,1.6041504142857144,4.542499228571429,8.807822057142857,9.455023100000002,0.9007733342857144,1.9661790857142856,3.754757671428571,3.8379483285714286,7.207137639409818,5.562457060975983,3.450687960868228,5.306015628881884
Case1_0sample36,29.015983714285717,57.82728971428572,78.83553585714286,77.88704099999998,7.1912360571428575,18.83825214285714,36.34028142857143,42.36367885714286,2.5258499428571426,7.653896828571428,17.285734014285715,20.63492057142857,1.188936752857143,3.0863819714285716,7.5048828285714295,8.985667428571428,3.542351736556616,7.824176351805798,14.810220940496462,11.806484388749624
Case1_0sample37,22.64904842857143,51.51171685714285,66.057722,72.47706414285715,5.5159582857142855,14.74114172857143,28.69938942857143,35.038035428571426,2.1218445714285714,6.1804599,11.90228337142857,17.36165442857143,1.0433096742857142,2.7904793142857147,6.054028457142857,7.782464428571428,5.016479867749152,5.389803255350224,7.364109020664089,7.377916551597412
Case1_0sample38,20.336413142857143,46.141179428571434,60.543899,66.050404,4.6708585142857135,12.460075571428572,24.435309,28.02387442857143,1.9545726714285716,5.128821385714287,12.223453642857143,13.34610544285714,1.1448838285714287,2.2032686000000004,5.591593457142857,5.791924585714285,5.9825422505936725,4.604528233277863,4.32067830239096,3.8650978220393273
Case1_0sample39,12.648404000000001,24.64812157142857,39.04343585714285,40.355456,3.0234721428571434,6.642035685714285,12.573825014285715,12.842133,1.3435971385714285,3.185723071428572,5.057301542857144,5.481035185714285,0.778025492857143,1.7332765714285714,2.0940517714285716,2.6862722285714287,9.421716324930882,11.467051997567767,9.984146843840918,13.689050169380167
Case1_0sample4,11.930839199999998,21.66266357142857,31.254127000000004,37.09886985714285,2.494800028571429,6.5322912,10.826417471428572,11.793905985714286,0.9620660428571428,2.3577556285714287,4.6712076,4.587529185714287,0.5724157971428572,1.0389865885714287,2.0792102714285714,2.1034884,9.91223556094973,12.884800256643087,13.354352062650724,15.364100463500058
Case1_0sample5,17.69708342857143,35.16375685714286,53.80094285714286,56.564190571428576,3.4898645428571426,11.2830746,16.598102571428573,21.126828142857143,1.3540691557142857,4.638446442857143,6.241240328571428,8.592617128571428,0.780951737142857,1.9487104285714287,2.727616914285714,3.723629542857143,7.373046317685465,6.158968430049576,5.684567382380534,5.906447959843697
Case1_0sample6,16.246183142857145,35.988741142857144,52.72702614285715,59.69757499999999,4.341229285714286,9.110246971428571,18.256853714285715,25.81417785714286,1.6824759857142857,3.4420976857142853,6.6080076,11.930699885714287,0.9380033357142857,1.6664371714285713,2.8663983714285712,5.373946857142856,7.606532661044451,6.922197012216372,4.9456760713572665,2.8916441059323743
Case1_0sample7,23.326536,53.02382371428572,67.09037042857142,70.70976357142857,5.715592485714287,13.815101999999998,24.742335857142855,31.94867942857143,2.258657942857143,5.720363728571429,9.826292171428573,13.650937714285716,1.1853809871428571,2.7639850000000004,4.163361,6.191750142857144,4.723973043148136,6.252730371862786,7.823765173487021,6.16000521995027
Case1_0sample8,25.486056,56.063774714285714,67.69581985714287,79.88824285714286,6.1325561,16.84128942857143,33.20258428571428,41.50746828571429,2.1645716999999998,7.209192471428572,16.2457164,21.81946657142857,1.0614037971428572,3.2796968000000004,6.9457462,9.375300157142858,4.196919980255477,7.020113382193557,9.116547875220393,12.512840568259957
Case1_0sample9,13.532196714285716,28.167430857142854,43.52062371428571,47.76592085714286,3.331312942857143,7.922173771428571,13.089161142857145,16.167349142857145,1.3622070457142856,3.296142242857143,5.455855614285715,6.685141528571429,0.7895027742857142,1.5379489342857142,2.6844900857142853,3.152717585714286,8.98788064865206,9.794738840651297,8.338335842786027,10.013900774372281
Case2_0sample0,9.091115314285714,18.492079428571433,26.053673142857146,32.94727557142857,1.6652450714285716,4.515627357142856,6.935328685714287,8.367773742857143,0.6973097171428572,1.731391742857143,3.057053157142857,3.6075187571428566,0.4628861257142857,0.9196888442857143,1.7182433142857143,1.749481792857143,11.31916800035596,14.746094460872104,16.66473364812746,18.03110961158109
Case2_0sample1,12.555319428571428,28.94016357142857,44.394262285714284,47.960792142857144,3.346584542857143,7.029029057142857,16.144134428571427,18.46269642857143,1.3756000157142856,2.8080723428571424,7.782879657142857,8.474697042857143,0.6874313714285715,1.5780254857142855,3.4897414571428578,3.6267164000000003,9.388894729236688,9.843555439772297,6.479473823850377,8.806625000222448
Case2_0sample10,25.549722571428568,54.406423428571436,73.98373900000001,77.31458657142856,6.163116842857143,16.619758285714287,33.08929628571428,38.47236228571428,2.5050039285714285,6.563637585714285,13.806068857142858,19.15044442857143,1.2414279057142859,2.9229069428571433,5.893762671428571,8.953989171428573,4.049475919356035,6.376918746442545,11.814763550403505,10.401446553134972
Case2_0sample11,11.501191757142859,26.539193,37.18203885714286,41.22684371428572,2.6092650285714285,5.883293171428571,9.804620142857143,14.446904185714285,1.1908505542857142,2.5133374714285712,3.6033228571428566,6.485497128571429,0.6892270757142859,1.4182016857142856,1.7438103285714284,2.8931238428571424,10.01733144840028,11.091039150516542,11.753919392578457,12.718284316426875
Case2_0sample12,20.904608,45.97414571428572,59.062493,65.247379,5.263998185714286,10.861265785714286,22.034526857142854,26.83034328571429,2.1587036571428575,4.4221658,10.072746200000001,12.664394114285715,1.1026861914285715,2.144695442857143,4.806666742857142,5.932899028571429,5.587854797118273,5.304045891922088,4.138266152189119,3.727001298002052
Case2_0sample13,28.295054999999998,56.81525471428573,71.50477928571429,84.27181142857144,7.359854728571428,16.217258285714287,35.45024971428571,43.72488542857143,2.4366495571428572,7.2719613857142855,17.168133142857144,20.17775,0.9437823314285714,3.774327285714286,6.996513642857144,9.057681657142856,3.534352174954668,7.363894501087692,11.373924584150483,14.756046888858457
Case2_0sample14,21.33893457142857,44.379530571428575,58.205509285714285,62.23172042857143,5.073541214285714,12.309458685714286,21.667911428571426,26.37044514285714,1.846302157142857,5.281523385714286,9.222800814285714,11.430006471428571,1.0823383085714284,2.442904014285715,4.034332042857143,5.015775171428571,5.583197821157751,4.306658537443218,4.161107455545123,3.37959185160784
Case2_0sample15,17.014061857142856,40.577761714285714,50.620713,59.85552442857143,3.9896770142857143,11.760209957142857,17.67250914285714,22.695958714285716,1.7152362285714282,4.693237457142857,7.397796428571428,10.749219242857142,0.9756881028571429,1.8693790142857143,3.5408302857142857,4.9926192857142855,7.395389992942634,4.826868784949288,4.796263484678457,4.301121155502799
Case2_0sample16,23.692096857142854,49.711774000000005,64.45931728571429,70.50135342857143,4.9958709428571435,13.355170457142858,27.03390214285714,31.340907714285713,2.031068457142857,5.7324101999999995,12.429933085714286,13.57978954285714,1.1835112985714287,2.6610313142857147,5.669713742857143,6.375011085714285,4.936524359237217,5.09141361713745,6.383919454263493,5.9766597732611535
Case2_0sample17,9.295294171428571,21.471474857142855,31.99850985714286,30.632875000000002,2.0190644714285715,4.989724628571429,8.639741042857143,8.67480992857143,0.8573444285714285,1.9545446000000002,3.700079985714286,4.460674057142857,0.5233636085714285,1.1639252671428573,2.0116958142857144,2.690894628571429,11.128251637329116,13.375012567384498,13.82561583769983,18.59718485679664
Case2_0sample18,14.516981428571427,40.153057714285715,46.272250142857146,51.60849642857142,3.2087098714285713,9.369827342857144,16.96411127142857,20.698073285714287,1.4067444285714286,3.680085671428571,6.5765652,9.452191128571428,0.8213399428571428,1.7717998142857145,3.1968528,4.415740257142857,8.616705337844751,6.008406031519174,6.048932156383653,6.70550314810226
Case2_0sample19,13.35439357142857,32.54267228571428,43.33770514285714,49.237896142857146,3.2039087571428566,7.9821693428571425,13.642363042857141,17.525673285714287,1.3676840428571428,3.4478939285714287,5.854549085714285,6.632584042857142,0.8261981071428571,1.8090785999999999,2.3892710000000004,2.896997542857143,9.08546330426148,8.216705290095035,8.15479474199894,9.235330005800094
Case2_0sample2,10.29876527142857,29.640089142857143,35.953652428571424,41.675326999999996,2.620623985714286,7.83045817142857,11.093601642857143,14.006621114285716,1.1658605714285717,3.0882373,4.663830842857143,6.708979342857143,0.6326412171428571,1.4683187142857144,2.012597357142857,3.500930985714286,10.523437449000731,9.335020319764984,11.545470905207514,12.580355294948538
Case2_0sample20,34.91875314285714,71.00376771428571,86.80869757142857,90.62309742857143,8.940976514285714,27.624893142857143,45.16381314285714,52.01490371428571,3.279074542857143,10.934589557142857,20.572653428571424,27.96496542857143,1.5010521085714286,4.399709028571428,8.844762628571429,14.211145642857144,4.362716675574708,14.956524423360861,20.606662632100537,20.661405589985876
Case2_0sample21,9.253009571428572,17.905909714285716,25.88162614285714,31.65014971428571,1.9379612,4.7967733,8.076050528571429,9.617567514285714,0.8856586614285715,2.267191142857143,3.759807771428572,4.050045614285715,0.5302096671428572,1.2499212642857143,1.9287029428571427,2.111033885714286,11.159458705289055,14.822381892417143,16.322112514130094,18.06991471237562
Case2_0sample22,22.428645285714286,53.65424985714286,69.28388471428572,78.66923885714286,5.31948902857143,18.73398642857143,32.14172542857143,41.08899714285714,2.0205966285714285,7.573451657142856,13.3728225,20.299460857142858,1.114836267142857,3.1523423142857143,5.871583071428572,8.7813499,5.151593042544901,5.829681571176759,9.468601734464116,11.732187318858202
Case2_0sample23,11.517206028571428,27.373940428571427,39.734909428571434,42.07153442857142,2.5119011571428573,7.270699857142858,12.06110192857143,16.623026714285714,1.1513707114285712,2.7535358000000003,5.547272628571428,7.765597728571429,0.681970652857143,1.419244042857143,2.5498135428571422,3.6261870000000003,10.039510203726113,10.369357388862685,9.764143788317678,11.512932603218488
Case2_0sample24,24.00748742857143,56.229114857142854,67.10739142857143,80.57134957142857,5.811756271428571,16.879533714285714,29.415085285714287,41.193746142857144,2.2241184,7.325639971428571,14.096391671428572,20.22607857142857,1.2048805085714285,3.3031886857142863,7.007440857142858,9.1025073,4.539299439736618,7.082480067334315,7.943799002317471,12.55140156868318
Case2_0sample25,9.558713328571429,22.400025142857142,29.03935357142857,36.679460142857145,2.039809085714286,5.9977630714285715,10.846592742857142,11.615932357142855,0.9156268914285715,2.6307051571428572,4.955567085714286,5.005205185714286,0.5285543885714287,1.4377608142857146,2.1603014714285718,2.2005362285714285,11.004691176249885,12.631164115494784,14.182012632947359,15.48004501752711
Case2_0sample26,13.459775714285716,30.787659,40.218083285714286,52.89922028571427,3.2195838,8.272941285714285,14.389854285714282,19.724188857142856,1.3920855714285716,3.3492553,6.857581942857143,8.101744657142858,0.7729587214285715,1.744386857142857,3.0087016857142856,3.5113529857142853,9.040245628519745,8.730665011620484,8.601245515084942,7.166752922698334
Case2_0sample27,31.963657714285713,59.453047857142856,78.66226328571429,85.75804957142857,7.495444457142858,20.52818942857143,45.26581771428572,47.54073685714286,2.7662814,9.600177485714285,20.886769828571428,23.54007942857143,1.5123879428571432,4.0852572857142855,8.898952014285715,11.051361128571429,3.819436078414825,8.525208320301566,17.3827469463133,16.76052025668481
Case2_0sample28,18.532938,41.36203614285715,57.59207871428571,61.350997142857146,3.889518157142857,11.086642485714288,20.232830857142858,26.368452428571427,1.429234947142857,4.216949242857143,8.9784138,11.648291228571427,0.7458059728571429,2.0500652714285716,4.325634085714285,5.007583042857143,6.96103778071997,5.088782314566015,4.241292422533416,3.140875575501941
Case2_0sample29,10.671027671428572,22.671084714285715,31.691952428571426,35.33774257142857,2.7114351285714284,5.668403157142857,10.397176271428574,11.980139628571427,1.1273170871428573,2.4179012428571425,4.680826328571428,5.3275795142857145,0.6937787471428571,1.3166744657142857,2.2825667142857147,2.5177953,10.3478838048459,12.646769018835412,13.27441664193334,15.795350485493836
Case2_0sample3,31.884283142857146,65.93951357142856,79.70682099999999,87.21560242857143,7.755468899999999,22.87344614285714,35.43781614285715,49.17191428571429,2.868133828571429,9.38422462857143,16.221680999999997,25.880396285714287,1.3161101,3.829315857142857,6.967272028571428,12.047070985714285,3.7323407670880355,11.920688877895612,14.966517369887491,18.12922046673846
Case2_0sample30,28.694162714285714,60.842809714285714,78.44701114285715,76.30908314285715,7.744586628571428,19.929990142857143,38.49343628571428,43.84080742857143,2.9256716428571434,7.8162835714285706,18.29570334285714,23.95180271428572,1.3879604714285716,3.5365215142857145,8.070386942857143,10.934989057142857,3.176127419818994,9.283695139852275,15.19351454088012,12.16913944259833
Case2_0sample31,11.978390071428572,23.73212142857143,34.74105314285714,38.72440285714286,2.5958696285714287,6.083179457142857,8.960469785714285,11.636654442857145,1.1127403057142857,2.531339928571429,3.459165957142857,4.784617842857143,0.6181500485714286,1.4043860400000001,1.6916305999999999,2.217127142857143,9.842569994664643,12.100166738876455,12.844473886392388,14.782899767252545
Case2_0sample32,15.972446,35.744107428571425,47.02006242857143,50.315382285714286,4.0342191142857144,10.704838285714287,17.015325357142856,22.602150714285717,1.541459142857143,4.812594242857143,6.812549085714285,11.379335357142855,0.7874413414285714,2.2828406571428568,3.0116863142857144,5.548480314285714,7.827605147995482,6.062213988498906,5.82979975881229,6.0383240388856585
Case2_0sample33,20.795067285714286,43.78629957142857,54.66397514285715,60.45362899999999,5.255925442857142,13.428578300000002,20.608990000000002,28.02009414285714,2.0656613285714287,5.740587357142858,9.150533342857143,12.864387057142858,1.077193592857143,2.589643314285715,3.8261067,6.354707828571429,5.64859413139278,3.722264224560048,3.434347326238181,1.9675095369796878
Case2_0sample34,12.583469128571428,24.464111,37.28471785714286,42.420476428571426,3.473642057142857,6.392912885714286,9.578111285714284,14.706622000000001,1.497658542857143,2.667907457142857,3.991197,6.031372342857142,0.6792924300000001,1.4420580442857143,2.1735490428571427,2.739405214285714,9.331405587835345,11.71139624229528,11.666855763289934,12.334084201612015
Case2_0sample35,13.020193,30.409094,41.20864957142857,49.46291971428572,3.2070703571428574,6.977643642857144,14.222923014285714,15.429225442857144,1.3368968857142858,2.977047028571429,6.584388771428571,6.451488685714287,0.77688022,1.592290457142857,3.3397459285714284,2.904628042857143,9.228925934305707,9.32505663350176,8.32952198376087,9.884584012208556
Case2_0sample36,20.940570428571426,45.09965385714286,62.072704285714295,64.74315742857142,4.7271889428571425,12.8472797,24.130335,25.803663571428576,1.7453575857142858,5.228501185714285,9.321251157142857,12.336870028571429,0.9460425071428571,2.141323642857143,4.048138542857143,6.1552633,5.848036537894389,4.299967809083209,5.560952940929866,3.729649635005524
Case2_0sample37,14.668820714285715,37.851059142857146,50.12731314285714,56.702629142857155,3.3389831714285707,10.205230299999998,17.818936285714283,22.009537428571427,1.2284914457142857,3.7913315000000005,6.986277214285714,8.724542914285715,0.7374973,1.623349575714286,3.0796291714285715,3.858427242857143,8.562467252213684,6.06954385912566,5.006264634697201,5.550043115231492
Case2_0sample38,23.43917371428571,54.282869,67.21440628571428,75.135609,5.8373003428571435,18.945006,32.060659428571434,37.655243142857145,2.278995057142857,7.753423657142856,13.613201114285713,16.774686714285714,1.1521755857142857,3.2196790857142856,5.978752657142857,7.007103657142857,4.6570622492843405,6.105164307117604,8.520973133862904,9.161846936014138
Case2_0sample39,24.711549285714284,52.860552714285724,69.661248,75.07092242857142,5.571436871428572,16.500070857142855,32.06833114285714,36.37514242857143,1.9757832857142856,6.7308829714285725,14.414744571428573,15.981306971428571,0.9898179985714286,3.1997776857142854,6.337510442857143,7.2130532571428585,4.580198031218688,5.620863948162345,9.63349419456499,8.815294617526153
Case2_0sample4,21.22856657142857,37.66958957142857,51.98692857142857,58.14782314285714,5.1687882571428565,10.318965185714287,19.995876371428572,26.427954857142854,1.8677481857142857,4.6294049571428575,9.046240385714286,12.516088971428571,0.9381938285714286,2.272890942857143,4.2902408,6.1415127,5.602230483763102,5.742310552489278,3.2953729292139515,2.4009689609766696
Case2_0sample5,33.821533571428574,62.07446757142857,78.15113357142857,83.74552557142856,8.366564057142858,20.253327714285717,45.62341085714286,50.33425814285714,2.9971314285714286,8.637733700000002,20.058586428571427,27.34778657142857,1.2601072428571427,4.212524785714286,8.434240657142857,12.9564977,4.159588459744177,9.822996116451048,17.199525327916565,17.470502902169166
Case2_0sample6,19.048306142857143,36.09015042857143,55.70731714285715,61.172315142857144,4.630164714285714,10.344854557142858,19.096018285714283,24.200042571428572,1.7266684714285714,4.075779942857142,8.052934228571429,10.621953014285713,0.9161859671428572,1.7842502999999998,3.2611893714285713,4.7688741,6.497255099958655,6.331387151516877,4.502256787452385,4.0200830163216645
Case2_0sample7,26.101408571428568,58.46932685714285,68.95165042857143,81.54635571428571,6.221294142857142,20.545022142857142,32.11232914285715,41.08156885714285,2.279550357142857,8.3258653,14.457687142857143,19.20780342857143,1.16678999,3.5655001428571427,6.422514714285713,9.283182985714287,4.032255331842196,8.131325232928535,9.320118112857912,12.867059131881225
Case2_0sample8,35.69247671428572,66.64582600000001,80.30622785714284,90.00414971428572,8.309661714285713,24.52620614285714,43.527364285714285,53.949542,3.189650142857143,10.563864371428574,23.305457142857144,27.846621714285707,1.5581525,4.885575257142857,11.347878714285713,13.165681085714287,4.791608409387076,12.409777144723158,17.934875805450538,20.915511227704133
Case2_0sample9,23.85965214285714,44.389337857142856,61.187412571428574,65.48670971428571,5.5539242714285715,15.601249057142857,25.950512857142858,31.237940857142856,1.9804680857142858,6.531894,11.766152614285714,16.331054085714285,0.9942734028571428,3.0398468142857142,4.8998435,8.310184242857144,4.753578530972781,2.8310222703175576,4.805599044547439,3.3710512715283443
Case3_0sample0,15.695323714285715,32.201659142857146,44.474286142857146,49.772482857142855,3.8476496000000004,7.956885571428572,12.76295057142857,18.117127314285714,1.329513042857143,2.9720697857142855,5.294737942857142,8.355577185714285,0.6830961242857143,1.4053338,2.3190685571428573,4.125468328571428,8.028094559614619,8.483917871165316,8.306633326427537,8.317437189383787
Case3_0sample1,30.740209571428572,62.65685114285714,78.63392285714285,80.01885014285715,7.5768512999999995,22.139786714285716,41.938748999999994,50.105642428571436,3.082632385714286,8.862506942857143,20.004275571428572,26.309725285714286,1.4216496642857146,4.001032642857143,8.707735728571427,12.42738207142857,3.440108752524874,10.25497490269155,16.318063738287428,15.933848546151378
Case3_0sample10,26.505045428571428,52.69197728571429,71.58697857142857,82.05294714285715,5.882735085714286,16.339265428571426,31.60791285714286,43.598520285714294,2.193056942857143,7.322907585714285,14.144731514285715,18.510490714285716,1.1419671042857142,3.2923682285714286,6.804363,7.731984514285713,4.138960220395662,5.45742946271642,10.421083397896078,13.693581744765533
Case3_0sample11,14.636479857142858,36.25667557142857,49.675482714285714,63.257978,3.3761545571428573,8.8649941,16.942052571428572,23.565104142857145,1.3398030142857142,3.5050813285714284,7.3199742285714295,10.265357285714286,0.860431632857143,1.7850947142857145,3.4673307285714285,4.685436271428571,8.535800520495233,6.905398431367502,5.180714049206775,4.672147822408453
Case3_0sample12,16.817306285714285,38.08728571428572,47.61493385714285,57.43175128571429,3.990292585714286,10.171544957142858,15.973692142857145,23.998468000000003,1.574652142857143,4.1136456,7.981465228571429,11.435661742857144,0.8725014471428573,2.008884085714286,4.210716228571429,5.789109657142858,7.504329003538601,5.880848566574035,5.580735536427343,3.6035986364549397
Case3_0sample13,22.592860714285713,48.608412,61.27400642857143,69.98984242857144,5.6739999,12.886872071428574,26.35144071428571,28.576017428571426,1.9448483,5.598742842857144,13.113890485714284,13.171214700000002,0.9733078585714285,2.4977811285714284,6.6806794,5.924944971428571,5.036875432977105,4.910534366094304,4.707459234737906,5.664593628961514
Case3_0sample14,10.960934999999997,22.408133000000003,35.254155142857144,38.79532485714286,2.801192885714286,4.8443839142857135,8.869252585714287,13.933245328571429,1.0908834357142858,2.1838828,3.7567672571428576,6.630064385714286,0.5734197771428571,1.351251794285714,1.7989254571428572,3.041215485714286,10.222125221160418,12.989933048728581,12.63287436630228,13.70479323058527
Case3_0sample15,16.230194,34.490275000000004,45.46612957142857,53.195189142857146,4.278123614285714,9.7038762,16.34159257142857,20.851866857142856,1.7401867714285715,3.8385502714285713,6.9676675857142865,9.127506485714287,0.9683853942857142,1.8770723857142857,3.2573237999999995,4.460720971428572,7.615170384775337,7.0114788766002665,6.334324788790854,6.314363116590413
Case3_0sample16,8.903009314285715,19.55480885714286,29.315175714285715,34.220439857142864,1.8602673142857142,4.933862,9.1386414,10.8759625,0.8295030914285715,1.982021757142857,3.6102846142857143,4.618175414285715,0.4293264342857143,1.039736952857143,1.7181936328571428,2.0197874857142857,11.339290993325989,14.167215979329994,14.740419867471381,16.676319756422032
Case3_0sample17,12.073157100000001,27.047008285714288,41.739596142857145,49.34764342857142,2.8139057857142857,8.592790899999999,11.155197200000002,16.468031428571425,1.1570158785714284,3.3405108142857145,4.461664399999999,6.8300854285714285,0.6545406357142857,1.5378749299999999,2.272547142857143,3.2229533142857147,9.74354627164377,10.046743556309885,9.73427504146535,9.438546429392726
Case3_0sample18,21.69525085714286,44.26730828571429,66.43670185714286,67.53436942857142,5.270490771428571,12.493167571428573,23.938836285714284,27.717007714285717,2.0713333142857144,5.349597157142857,8.760147642857143,13.037813842857144,1.0845551614285716,2.5932500714285713,3.7278659000000003,6.152489185714286,5.366002385994157,4.183463234179857,7.690277840548115,4.535621012721169
Case3_0sample19,13.656908714285715,30.615447857142858,41.541501999999994,48.50484057142857,3.1602559571428572,7.585153042857144,13.485423857142859,15.984067999999999,1.3793918771428573,2.923579757142857,5.589096442857143,7.339586414285714,0.7395284057142856,1.2694328000000001,2.8316675857142855,3.5282820999999998,8.980414180931332,9.129461219843673,8.71683625938992,9.665607416926273
Case3_0sample2,27.379885857142856,54.53288614285715,73.095217,74.06177242857142,6.845744114285715,17.845471857142858,32.221465571428574,38.93934228571429,2.4166304571428574,7.216308514285714,13.379695,18.00365842857143,1.0611228042857144,3.467633128571429,5.832273271428571,8.241168571428572,3.693692883456408,6.245078346103889,11.241637551681373,9.073371708281972
Case3_0sample20,29.18748185714286,53.77187771428571,68.18150214285716,77.80292728571429,6.950100757142857,16.38931985714286,28.958479142857147,38.266575428571436,2.3664242714285715,7.313718871428572,12.542069357142859,18.622646,1.1439484957142858,3.3412338142857143,5.872244814285714,7.8229248999999985,3.693192726302294,5.947684744512392,8.40223719509549,10.531764222923996
Case3_0sample21,25.474539571428572,52.793744,73.11732771428572,81.49763300000002,6.0077858142857155,19.535733999999998,36.458800000000004,46.238264,2.168682457142857,8.714443614285713,17.441149714285718,19.959294,1.0531505414285716,3.7507082714285715,7.509711842857143,9.10445497142857,4.241262974659549,5.280111324318623,12.333957028840457,14.323813225947436
Case3_0sample22,20.093587428571432,42.09858814285714,52.65469614285714,66.70823485714286,4.350385357142857,12.237668228571428,17.01286557142857,26.47354871428571,1.5750568428571428,5.023831771428571,7.757300542857143,10.9295253,0.7543863685714286,2.2767023571428573,4.239082928571428,4.743917014285714,6.284348299136939,4.371199107044458,4.762391294932709,4.955237555052605
Case3_0sample23,8.27684224285714,20.572341571428574,32.358003142857136,30.417386428571426,1.931589142857143,5.137164599999999,9.034882785714286,8.352881471428573,0.8888066185714286,2.1367037000000004,3.870413157142857,3.4168623428571427,0.4393034671428572,1.1526956285714285,1.8740916285714289,1.642186657142857,11.580303634866798,13.673003833191572,13.567616009675534,19.019789069802652
Case3_0sample24,29.282804714285714,59.71977142857143,75.21563757142857,83.88169228571428,6.685533300000001,20.327759785714285,37.90734042857143,44.605267142857144,2.487710857142857,9.276922357142857,18.28909857142857,23.474832857142854,1.2343439299999999,3.914484285714285,7.424047714285714,11.679445271428573,3.7354037387770025,8.660710086383055,13.660795687248175,15.230849754621604
Case3_0sample25,24.528213714285716,59.937057571428575,72.70133957142858,77.06261128571428,7.0118034,19.97462657142857,38.243107428571435,44.84278485714286,2.928860842857143,8.242498214285714,17.186929,23.206387999999997,1.3678997114285711,3.9911460285714284,6.986840542857143,11.782031200000002,3.8236845012319276,8.787764027040538,12.605295142391581,12.683586381689636
Case3_0sample26,21.31186757142857,43.36657085714286,64.76842942857142,67.59383257142858,5.118346799999999,13.253427828571429,22.303811,29.34956785714286,1.774693042857143,5.712182085714285,8.792365371428572,13.389945485714287,0.9148263914285714,2.677007085714286,3.8534111714285717,5.854459514285714,5.616888236794689,3.7424568682715647,6.968307678181307,4.545568413894759
Case3_0sample27,12.3000215,30.518183571428573,38.59673271428572,43.523356142857146,2.6902747714285717,7.043460642857142,11.361311785714287,11.804659142857144,1.1713798,2.647884114285714,4.797682942857143,4.751635757142857,0.74642092,1.3431272228571427,2.3029509,2.394887314285714,9.669992359177368,9.365963053076243,10.519712906028776,13.15811909145282
Case3_0sample28,10.359767528571428,23.798654571428568,35.828929428571435,38.02407614285715,2.503960757142857,4.766631228571429,11.964719485714285,12.929106142857142,1.0413798014285713,2.0976712571428573,5.1011093857142855,6.089365728571429,0.5907331171428571,1.2625152742857142,2.402452085714286,2.9098813714285714,10.54422119694187,12.497615173877792,11.223920883048189,14.367844491659216
Case3_0sample29,17.252422857142854,40.96631471428571,53.43388828571428,61.416143285714284,4.729740557142857,10.937893400000002,17.596260714285712,28.348158,1.922267,4.441343457142858,6.9190726,13.277400157142855,0.9956459642857141,2.3191861285714284,3.2540439285714284,5.875720371428571,7.076519247168372,5.054049932057696,5.01233007720236,2.13929663109905
Case3_0sample3,21.352602285714287,53.08404971428571,65.67811842857142,72.51940285714285,5.733838242857142,14.897717,26.039472571428576,32.64373585714286,2.1185332285714287,5.495905642857143,11.229983,16.45669571428572,1.0175878385714285,2.4737977714285715,4.796035828571429,7.4205488,5.3317378727979445,6.19670334996682,7.011901885452771,6.938651464680746
Case3_0sample30,14.923932285714283,34.69641371428571,44.97850257142857,50.360802,3.4566624714285714,10.160668228571428,13.7306622,16.042335285714287,1.3148137999999998,3.811943914285714,5.890371342857143,6.929756657142856,0.7145869542857143,1.818983085714286,2.9385581285714286,3.197027257142857,8.42184820858631,6.831291177709499,7.625045235162847,9.30310417953571
Case3_0sample31,9.217058357142857,21.264142999999997,30.161416285714285,33.61581771428571,1.9483165714285715,5.026726985714285,7.869985314285715,11.832171557142857,0.79502135,1.995765742857143,3.2153972571428566,5.057242757142857,0.4055766571428571,0.9367555342857142,1.6289260757142856,2.2062252285714288,11.194599170474998,13.462941578158093,14.832304895189626,16.568149231853646
Case3_0sample32,9.425697757142856,20.890564714285716,29.497461571428573,33.25395471428572,2.115893142857143,4.603089685714286,9.273345171428572,8.339853742857143,0.8615770657142857,2.0713542428571428,4.046953128571429,3.4515227000000004,0.5664076014285714,1.1111517142857141,2.004966317142857,1.7417440000000002,11.048262559213343,13.687855055403203,14.539782764663132,17.954864331403687
Case3_0sample33,21.597376571428573,49.43864485714287,62.41149728571428,73.90170985714285,5.057022014285714,13.177177999999998,26.068810285714285,33.18803857142858,2.0496275142857145,5.028006128571428,12.750197228571428,14.148966714285715,1.050035532857143,2.2259021857142858,5.606316842857142,6.288413614285714,5.469685022664507,5.28396736947151,5.294285931180936,7.781665319747682
Case3_0sample34,14.81282257142857,36.748651571428574,49.505520857142855,58.10236700000001,3.5874191285714283,10.348732199999999,19.424536,23.28939614285714,1.464564407142857,3.976434785714286,8.744655785714286,10.465676028571428,0.7791408757142857,1.6911324000000003,3.8769220428571427,3.914847114285714,8.40183185090523,6.205935014952029,3.8895160872587207,4.477508853760282
Case3_0sample35,25.078775,52.048612285714285,67.21217828571427,70.47669114285713,5.453327785714286,14.306366571428569,31.25602842857143,33.94444157142858,2.2261300000000004,5.4178993,14.504617085714287,15.507070714285714,1.2141667314285713,2.354721442857143,6.382058385714286,7.0043798285714285,4.454337927049055,5.8930291290449395,8.357724595847973,6.242450515102044
Case3_0sample36,13.67563957142857,27.414684857142852,39.006041999999994,49.571873,3.3570854714285714,6.70821717142857,14.642588385714287,17.80060585714286,1.3317516285714286,2.7252669857142857,7.295664628571429,6.977252914285714,0.6862263057142857,1.267034192857143,3.915764014285714,2.9901315142857143,8.938403704262974,10.526052448556943,8.791954423041874,8.961548904436057
Case3_0sample37,23.181051857142858,50.509744857142856,66.3205047142857,76.41656442857142,5.775343985714286,13.677203285714285,30.69816557142857,37.38147442857144,2.0848609571428574,5.129003114285714,12.955414585714285,17.702129714285714,1.0943844385714285,2.1658879285714288,5.867529599999999,8.4066524,4.798956524481385,5.522519118977926,7.825529683627431,9.66110056177126
Case3_0sample38,10.245402171428571,27.67020942857143,34.22108314285715,46.481048,2.5237130857142858,6.5573754285714285,9.986697857142858,14.882405,1.1359148300000002,2.609293914285714,4.411050042857143,5.692452871428571,0.7214590171428572,1.4495720714285711,2.2674121428571428,2.804773371428571,10.564227004704952,10.475926463181137,12.493543938205763,11.05811430234745
Case3_0sample39,18.901595571428572,38.58422528571429,53.90602057142858,63.167042571428574,4.706486871428572,10.185404385714287,21.314310714285718,30.154744714285716,1.7051638714285713,4.283063757142857,9.259092128571428,13.633109285714287,0.9830714785714286,1.945413014285714,4.090768414285714,5.950955085714285,6.5237266761970085,5.749426549921214,3.0247291261226024,2.6929385836573103
Case3_0sample4,10.375482914285714,23.43302171428571,32.67109085714286,37.08288728571428,2.381077785714286,5.773331042857143,8.957500285714286,12.764758985714286,1.023905617142857,2.5333063,3.913602128571429,6.137958785714287,0.61898816,1.3725722214285714,1.9648242285714288,3.0477087,10.56509161482328,12.297335470709596,13.459864218986342,14.742624295128575
Case3_0sample5,32.31554228571429,72.81828971428571,77.60760714285713,87.99221242857142,7.259528857142857,26.67659371428572,36.673947999999996,53.02463457142858,2.5592008714285717,11.293508900000003,16.04676728571429,27.941561857142858,1.2130980114285717,4.6933456,6.926861799999999,13.693392571428571,4.084339084023592,15.679315520048956,14.252286247945408,19.948536076329383
Case3_0sample6,34.00868485714286,67.64565528571428,83.36941385714286,87.35653585714284,8.212663328571429,21.36409642857143,39.957598142857144,52.654904428571434,2.8061974,9.1608577,17.56601657142857,27.362659,1.3877177571428572,4.038950685714285,7.461072142857144,12.779902671428573,4.283260349043344,12.630156399678977,17.627748617254927,19.464825645237813
Case3_0sample7,32.39126971428571,65.7256442857143,85.71952185714285,85.65849114285716,8.885139128571428,24.812000714285716,45.128353714285716,51.57235471428572,3.2401905999999996,10.646425071428572,19.843695571428576,25.814047000000006,1.4407909428571428,4.4810085,8.963395485714285,12.033053142857144,3.4808541094779692,12.017264600024475,20.079090878009445,18.256984477697205
Case3_0sample8,28.659733285714285,64.34325928571428,75.60366685714287,87.25474014285713,7.573136214285715,23.511415285714286,34.92735342857143,51.812713571428574,3.1513690571428574,9.697030514285716,15.251318957142859,25.225256285714288,1.3845765714285712,3.994469128571428,6.959359057142857,10.071595085714288,3.1604598287393264,11.203791927067318,12.942653108482688,18.773171573495166
Case3_0sample9,12.490884828571428,32.465631571428574,43.62447514285714,48.972302285714285,3.059062285714286,8.460225157142856,14.841442285714288,17.816675,1.2231129957142854,3.1251924571428575,5.642042542857142,7.10715232857143,0.6660961128571429,1.3740937214285716,2.4048702428571427,3.419587857142857,9.505577101294925,8.224117404437504,7.744566392944635,9.028651558338106
Case4_0sample0,15.181768285714288,31.76454542857143,47.51929728571429,49.23741571428571,3.361216128571428,8.197897785714286,17.363953857142857,15.785465857142855,1.2899473885714285,3.3749579714285716,7.6592562,6.875331485714286,0.6807248171428572,1.5811243414285714,3.7584679,3.389537157142857,8.353777978774284,8.442725628156701,5.256838635175062,9.656984002090391
Case4_0sample1,29.582311000000004,65.85165257142856,78.83795742857144,82.36205714285714,8.1351595,22.646927714285713,41.17979228571428,46.724079857142854,3.0458675285714283,9.555461357142857,18.207083657142856,24.669061,1.4335896,4.038575057142857,7.884494471428572,10.292461771428572,3.088542938587517,11.843511873851476,16.018712426592142,15.333379441208104
Case4_0sample10,36.712941428571426,64.05053071428571,74.85478357142857,87.71217242857142,8.938774471428571,23.15319314285714,38.39052385714285,55.187887714285715,3.2442369285714285,10.273790871428572,22.135239285714288,27.150776714285715,1.5738552571428575,4.632303914285714,12.479122014285712,11.478643414285713,5.10132077076773,10.991487640692394,14.368609154534568,20.30775472868998
Case4_0sample11,28.482221857142857,55.885431,73.625056,82.60774685714286,6.697334657142856,17.963637285714285,35.932472142857144,43.598803857142855,2.3236510571428575,7.173087028571429,16.980248842857144,20.180480999999997,1.2313439714285717,3.0573458857142852,7.432493714285714,7.99171472857143,3.7350845760373272,6.933811783802959,12.387017683518096,14.024942532950076
Case4_0sample12,11.0307578,22.76503985714286,28.14857371428571,34.725450714285714,2.8760234857142857,5.112905671428572,7.060173714285713,9.26224987142857,1.2106715585714285,1.8839703571428574,2.9130770857142854,3.5102532428571425,0.5532547157142857,1.1042138528571428,1.597216314285714,1.7957200714285713,10.161064345422474,12.853652515379833,15.859122098749006,17.148689794688707
Case4_0sample13,20.647180571428574,41.79909457142857,56.78423157142857,61.808037571428564,4.866621328571429,11.914793842857142,24.927963000000002,27.242725142857143,1.7048609000000001,5.462539800000001,11.714310642857145,12.49031177142857,0.8536454085714285,2.5758894999999997,4.978226742857143,6.473136642857143,5.917637591428494,4.306795784001771,2.701516904666308,2.4426725313740105
Case4_0sample14,9.311858557142857,20.62400285714286,31.048209000000003,34.02142914285714,2.2669584428571428,5.250215642857143,8.999750414285714,10.719830485714285,1.037866867142857,2.300474942857143,4.068685971428572,4.950577814285714,0.6294844828571428,1.3160434785714286,2.1088665,2.418140285714286,11.03441115628357,13.58674407014977,14.00678242040552,16.700190644304396
Case4_0sample15,22.11714028571429,45.00733771428572,62.02284785714286,70.5311642857143,5.5159255,11.968867714285713,22.300266999999998,32.03326942857143,2.0126815571428573,4.781772628571429,10.4774828,14.206375571428572,1.0304067028571429,2.2388668857142857,5.063000699999999,6.571045571428572,5.1910851548692305,4.677380304691222,5.3363424772916765,6.01073246523306
Case4_0sample16,31.571158000000004,68.03976014285715,84.45290742857142,85.580073,7.228220371428572,23.744188714285713,46.143098,52.429348714285716,2.7892861142857135,9.697112171428572,19.80726357142857,29.284847714285714,1.1977357157142858,4.131224842857143,8.356344428571429,13.273437657142855,3.848283220460624,13.017450832073417,19.81259742167478,19.10772064136385
Case4_0sample17,9.4580081,23.40841714285714,32.000000285714286,36.62396171428571,2.4575670714285716,6.2744469,8.530471471428571,10.878120342857143,1.0099360657142857,2.3734762,3.6430860571428565,4.7924621714285704,0.6267860485714286,1.1809313771428571,1.8043913142857142,2.2597838285714285,10.93556074172084,12.227653875526375,13.885548539215828,15.736783545222462
Case4_0sample18,27.351108857142854,55.624955428571425,65.73704014285714,80.20176328571428,7.694684828571428,19.327828714285715,31.343139428571426,42.324183999999995,2.9667819714285715,8.093443414285714,14.539814199999999,19.384745142857145,1.3995569114285715,3.3885294857142862,6.542024428571429,7.919180857142858,3.174264650865322,6.71287394480049,7.71493152353462,12.62653688175488
Case4_0sample19,13.562569428571427,22.976447,36.191274285714286,40.674048142857146,3.484844314285714,6.345174428571427,12.205904528571427,13.397133757142857,1.259388002857143,2.439735242857143,5.341833157142857,5.916029342857143,0.6895312514285715,1.2317806414285715,2.5462836714285713,2.8259236428571426,8.965141452028176,12.366427789203694,10.968146237546536,13.32223739816426
Case4_0sample2,16.575839857142856,36.91836471428571,51.49063742857144,55.24711071428571,3.8325454999999997,10.100860157142858,17.422373285714286,18.94093128571429,1.3980168557142858,3.9404384,6.915783585714286,9.494336342857142,0.7586436328571428,2.002145442857143,3.107086457142857,4.914589028571428,7.679198728169737,6.201620949535365,5.066299090375015,6.395530054499625
Case4_0sample20,11.150970599999999,22.712455857142853,33.90937,38.691855857142855,2.772549857142857,6.570598228571428,8.623039057142856,11.077484114285715,0.9779304585714286,2.5112419714285714,2.9943720142857146,4.729949071428571,0.5038958757142856,1.1976916085714286,1.6266812714285714,2.2613312285714287,10.171930905849257,12.411244333100777,13.321521336137486,14.96182804476415
Case4_0sample21,20.988878857142858,41.90885528571429,57.657753428571425,70.85386885714287,5.246952714285714,14.59669812857143,24.744104142857143,31.133001142857143,2.0807966428571425,6.093596057142858,10.603878471428573,13.603675128571428,1.1579654571428573,2.580650657142857,4.768816800000001,5.612243214285714,5.576153925878136,3.251338878842024,3.287366959279884,6.195163991500789
Case4_0sample22,16.055105571428573,33.85883442857143,49.440543857142856,56.08569642857144,3.601348142857143,9.339714957142856,17.631951142857144,22.308529857142855,1.3203292714285715,3.7318338,8.374468685714286,8.314617985714287,0.7160712285714286,1.6193407714285715,3.786116042857143,3.545714271428572,7.952063300571058,7.369528227797405,4.6238737118393765,5.744504142890338
Case4_0sample23,18.929967714285713,42.79090028571428,55.385181714285714,64.29380885714286,4.704253314285714,12.919439085714286,19.530136571428574,25.448412714285713,1.8776590142857146,5.032019371428571,8.501010457142856,11.2556666,1.0332728228571428,2.2113387285714285,3.8697828142857142,5.077565914285715,6.474082058663823,4.1518685065038605,4.05539971342026,4.1277571731682885
Case4_0sample24,10.3154357,26.195887142857142,30.791988857142858,35.56508042857143,2.6762065571428573,6.749915128571429,8.336868242857143,12.674481142857143,1.0558081400000001,2.8139470571428573,3.3090481714285715,5.341234985714286,0.5643416985714286,1.4793340285714287,1.5196253871428573,2.5233746714285714,10.525262301974031,10.92803249993374,14.4653232578106,15.525592797671376
Case4_0sample25,16.94307442857143,37.38656471428572,53.55794671428571,58.74777871428572,4.078490728571429,9.495766857142858,20.953307428571428,22.777218857142856,1.6920790428571428,3.711960942857143,10.280897657142857,9.921436799999999,0.96836303,1.6577321428571428,5.034739600000001,4.742297071428571,7.403414011893695,6.4133254103025745,2.547628819542914,4.584574075685691
Case4_0sample26,31.70480785714286,60.136061714285724,81.59106071428572,85.02936542857142,7.77937087142857,24.606500285714286,45.56311985714285,51.68896242857142,2.5893323714285716,10.445134928571429,20.701722714285715,25.53537,1.2713574442857143,4.573455357142857,7.66971747142857,11.064486614285714,3.767974886276693,9.332830329513339,18.573164450631197,17.98970106767133
Case4_0sample27,9.075148971428572,22.836507285714287,33.33705428571428,39.13121728571429,2.2510846285714288,5.511952728571428,9.493461228571428,10.896372999999999,0.9369007985714287,2.2435219857142856,3.8919051857142852,4.111499757142857,0.5429075028571428,1.2339486785714286,1.8526320142857142,1.8263546285714285,11.158454548956266,12.655427295348053,13.083052747262085,15.030839012266016
Case4_0sample28,24.075830000000003,53.46476214285714,68.40340757142857,78.77034428571429,5.366248571428572,16.517025571428572,28.989424142857143,34.163399285714284,2.1499232000000004,6.223651071428572,13.207687785714285,16.28946242857143,1.1127667371428571,2.5553040571428576,5.050268371428571,7.810171257142857,4.707749688375324,6.059464967305345,8.55021549386035,10.13253747703745
Case4_0sample29,25.303364000000006,63.60229542857142,70.12354042857143,83.40571471428572,6.501975785714286,19.384203857142857,36.907102,46.48400828571429,2.295212014285714,8.307991214285714,17.975937742857145,23.679901285714287,1.1854554114285711,3.721853585714286,9.021921857142857,10.568957042857145,4.043439053677943,10.579617004141314,11.301340612340052,15.538103821820373
Case4_0sample3,29.397380428571427,63.263595142857135,79.06976457142858,86.0122897142857,7.341431542857143,19.650479285714283,40.55905657142857,47.092337,2.709272314285714,8.717852499999998,18.91117457142857,25.20394557142857,1.274544064285714,4.1143635000000005,8.294283857142858,11.84849648571429,3.4521717396321336,10.384173618259844,16.021020010370908,16.98005286661712
Case4_0sample30,21.342655714285712,59.762542714285715,65.67406985714285,69.41143357142857,5.450392514285715,18.450922714285717,29.58177057142857,40.74364114285714,1.989008957142857,7.448016828571427,13.003510385714288,21.525628,1.0054279200000003,3.123112414285714,5.688117814285714,9.510949714285713,5.4478262026032365,8.770173898207133,7.322014252324088,8.4020655019332
Case4_0sample31,23.382639,51.68020414285714,69.07772685714288,70.079518,6.632803242857142,13.786266,27.40097714285714,31.693792,2.642472357142857,5.794960185714286,11.341560628571429,13.736737499999998,1.1901792757142857,2.6101831142857144,5.332556014285714,6.224214071428571,4.327328407696783,5.723604845661467,8.724086263601528,5.822981699442689
Case4_0sample32,21.37289457142857,48.678774714285716,59.16851342857142,71.185725,4.738346114285714,14.229967857142857,27.789459857142855,34.596792,1.7704972428571426,5.349079871428572,12.811737471428572,15.623506857142857,0.9901316757142858,2.2530254714285713,5.3887955,6.890091114285714,5.705096151238991,4.724254547232465,4.046719943692193,6.706344536057591
Case4_0sample33,16.581565428571427,35.672799142857144,43.86381757142858,55.849847857142855,4.042401471428572,8.4829593,16.026017,20.15868642857143,1.5293319871428572,3.0413485999999996,6.625762314285714,8.886925714285715,0.8207104042857143,1.399465657142857,2.846467185714286,4.320996071428572,7.592711535294955,7.343738150605178,7.0207281897461185,6.119775514510485
Case4_0sample34,14.185769285714285,27.47250957142857,40.95871714285715,44.963676,3.6747944428571424,7.586594214285715,12.728178114285715,12.945524285714287,1.4547765714285714,3.1001327714285716,5.123016128571429,5.884309857142857,0.7850348857142857,1.5148265857142857,2.407650757142857,2.9091265285714285,8.63043218981807,10.177954541957305,9.282162038125955,12.064044833029538
Case4_0sample35,12.901619,28.837728714285713,40.63491014285715,42.75944285714286,3.1870480000000003,7.273501071428571,13.650184557142856,16.21503142857143,1.3856861714285718,3.2646161142857144,5.5832435857142855,7.751035028571429,0.8112461228571428,1.6986091900000002,2.4991389571428573,4.109460385714286,9.271363465399075,9.713061226626984,8.992588280568,11.320997585477812
Case4_0sample36,26.869034142857142,55.919483,72.07465971428573,82.86368771428572,6.919035228571429,17.325652857142856,31.07439342857143,43.88649214285714,2.5965169142857145,6.750803871428571,12.453541885714284,20.13977242857143,1.2861465428571428,2.809260028571429,5.6544257714285715,8.902704785714286,3.6006445514299132,7.037967728848974,10.579297528854775,14.20441887336934
Case4_0sample37,9.290867914285714,16.584264428571426,26.977870571428564,29.961342000000002,2.4631578714285713,3.797334,7.628878757142857,7.859185385714285,0.9296557785714287,1.8155442,3.4808566285714284,3.4424792714285712,0.5617993028571427,0.9095204357142858,1.809476257142857,1.7831660142857142,11.021326455275641,15.688346563300577,16.051739282258033,19.30831378965784
Case4_0sample38,11.901734,28.97550614285714,39.97651200000001,45.943386857142855,3.2698414000000002,7.344585228571428,13.34603787142857,17.36826042857143,1.184048747142857,3.0252755571428573,5.7360147857142865,7.54274182857143,0.58827576,1.5764923342857142,2.826377771428571,3.801824328571428,9.71317308109616,9.70218679381551,9.223951122414865,9.955748430327219
Case4_0sample39,18.31031485714286,42.012814999999996,54.34167085714286,59.88651071428573,4.787138499999999,13.161859928571428,18.955932714285716,23.58045014285714,1.8490223857142858,5.218813157142857,7.9019024714285715,10.212192728571429,0.885207232857143,2.3015022428571426,3.7280659571428565,5.388126399999999,6.6952357865688095,4.011072050614676,4.262003264325826,4.110194169549889
Case4_0sample4,24.93145357142857,56.12897942857143,69.001171,79.004152,5.8469722285714285,17.205925571428573,29.896896428571427,40.13517,2.1361595857142857,6.474327728571429,12.773311000000001,19.815562999999997,1.0455863,2.7786353999999998,5.434987914285714,9.894626928571428,4.394315097887413,7.1789591131188795,8.947022188538975,11.603774933667813
Case4_0sample5,16.39053085714286,38.97666928571429,48.99349314285713,57.198550857142855,4.096039471428571,10.237909314285714,16.716531685714287,23.713910571428574,1.4598452999999998,4.2375002,7.428683242857141,10.563248157142857,0.7735654371428572,1.9775295428571429,3.6878952857142857,4.904336942857142,7.668669631902751,5.670313791183117,5.283419579477112,4.174316454725059
Case4_0sample6,18.359274285714285,43.15038771428572,57.63113228571428,64.21961814285714,4.179844771428572,11.027719457142856,19.973659428571427,26.092264142857143,1.6065284285714283,4.623472928571429,7.846691657142857,12.209129957142855,0.9538890228571429,2.2675919714285713,3.4195285714285713,6.219599857142859,6.880746429031023,4.9085086954812756,4.774930886134299,3.5112009443184964
Case4_0sample7,23.332221142857144,48.57506085714285,66.85307485714284,71.90018242857143,5.487497957142858,16.789294714285713,26.74919985714286,34.17589814285714,1.9592313142857143,6.623801614285715,11.414039157142856,17.106584571428574,1.0086751600000001,2.8418883,5.047579642857143,7.810604942857144,4.898806353121754,3.864013214972765,7.601433664746727,6.9243474278378825
Case4_0sample8,14.646813142857141,32.00799557142857,48.67171200000001,54.09645214285713,3.3494156285714283,8.701838057142858,13.229114414285716,19.83401557142857,1.3493849742857142,3.3245527142857134,5.674592771428571,8.208325642857142,0.7908503371428571,1.4780307714285712,2.9200808857142855,3.7342616142857143,8.543243927043314,8.242412831578584,7.207150033089872,6.815304653515727
Case4_0sample9,14.437283428571428,30.276527285714288,47.80042114285714,52.450038142857146,3.2524672714285714,7.337588942857143,13.037587942857144,16.725361714285714,1.4729381285714287,3.0076862857142856,5.452650642857143,6.9006377428571435,0.8630142057142857,1.544966385714286,2.6980665714285714,3.2359802428571425,8.622596612202337,9.262792908425187,7.484611888387214,8.611437697907087
