CASE0__sample0,CASE0__sample1,CASE0__sample2,CASE0__sample3,CASE0__sample4,CASE0__sample5,CASE0__sample6,CASE0__sample7,CASE0__sample8,CASE0__sample9,CASE1__sample0,CASE1__sample1,CASE1__sample2,CASE1__sample3,CASE1__sample4,CASE1__sample5,CASE1__sample6,CASE1__sample7,CASE1__sample8,CASE1__sample9
0.0,0.0,0.0,0.0,0.0,0.0,0.0,0.0,0.0,0.0,0.0,0.0,0.0,0.0,0.0,0.0,0.0,0.0,0.0,0.0
0.16609358,0.20188895,0.19687783,0.21307623,0.14692661,0.17561346,0.18045773,0.15922263,0.17255308,0.18871375,0.17850057,0.15104956,0.19081551,0.15646646,0.20151763,0.21393344,0.16148522,0.1825611,0.19749675,0.17200195
0.78690004,0.96733585,0.95570836,1.0113311,0.6848817,0.82500097,0.86247739,0.74104059,0.82275857,0.90900274,0.85183401,0.69934192,0.92131755,0.73474135,0.96510755,0.99853388,0.76166422,0.87413565,0.9591982,0.81976947
1.7596878,2.2606862,2.1477105,2.3067516,1.5200442,1.9073043,1.9391398,1.6922011,1.8472019,2.0525568,1.9114217,1.5902128,2.0804123,1.6318158,2.2557436,2.3263228,1.6979191,1.9676354,2.1563843,1.8398548
2.7552762,3.3362209,3.1907891,3.3442899,2.4107683,2.9331901,2.9429441,2.5882454,2.8155609,3.1117519,2.8955095,2.4929263,3.146771,2.5896272,3.3308891,3.4236853,2.6878482,2.984877,3.2022779,2.8153829
2.8324067,3.4002183,3.2738765,3.4364113,2.5666967,2.9991854,3.0028476,2.7432432,2.9027909,3.1550802,2.9563599,2.6623616,3.1714538,2.6948763,3.3992201,3.5222631,2.795352,3.0368368,3.261582,2.9636775
2.6982904,3.1513056,3.1690861,3.400313,2.4318044,2.8088856,2.9128829,2.531966,2.7610474,3.0178282,2.8733376,2.4094244,3.0653417,2.5809572,3.1463922,3.2948721,2.6410685,2.9418889,3.2003055,2.8030928
3.0498384,3.7603588,3.6447557,3.8991681,2.6713966,3.224745,3.3327134,2.9004365,3.1576867,3.4780538,3.31747,2.7600287,3.5250501,2.8875529,3.7508624,3.9202118,2.9803586,3.3753267,3.6596268,3.1597843
3.4430604,4.2225238,4.1086324,4.4069461,3.0350325,3.6437361,3.756321,3.275729,3.5892598,3.9384258,3.7056019,3.1079718,3.9776297,3.2350439,4.2272558,4.4195154,3.351228,3.7868088,4.1231926,3.5748029
3.9212302,4.8432515,4.6831466,5.0137659,3.4457718,4.1499956,4.289541,3.7352545,4.0779988,4.4998841,4.2357162,3.5597481,4.5495706,3.672711,4.8646782,5.0631777,3.7962386,4.3264961,4.7140867,4.0644561
4.4239152,5.4835229,5.3165857,5.7015964,3.8905392,4.70477,4.8450017,4.2492068,4.6122979,5.0820503,4.7823386,4.0020215,5.1587045,4.1481351,5.4909383,5.7403389,4.2887945,4.8962968,5.332656,4.6086343
4.9788471,6.0377765,5.9541287,6.3278018,4.3756768,5.2451391,5.4334134,4.7430879,5.1758144,5.6890282,5.3604943,4.4807187,5.7548189,4.6558395,6.0229078,6.3019737,4.8195272,5.4965421,5.9683308,5.1570754
5.375533,6.6932598,6.4320006,6.897299,4.7300663,5.7038184,5.8468076,5.1272119,5.5727771,6.1382688,5.7805536,4.8502403,6.2215051,5.0405139,6.6973273,7.0047422,5.2028385,5.9345134,6.4394186,5.5608443
5.9711391,7.2339217,7.1787159,7.646647,5.1996126,6.2780391,6.5112918,5.675811,6.2304127,6.8666264,6.4522181,5.398015,6.9555654,5.5895216,7.2163045,7.5411548,5.7912228,6.6166401,7.1907045,6.2017413
6.2835345,7.6994461,7.4815539,7.987919,5.6211796,6.607527,6.8492749,6.0093203,6.5249327,7.1429091,6.7893051,5.7028866,7.2379306,5.9561075,7.6878706,8.0798681,6.1415648,6.9024268,7.5108506,6.4999195
6.7749259,8.4901891,8.2326968,8.7853515,5.9064572,7.2953764,7.4392775,6.4853434,7.0802643,7.858372,7.3322701,6.1144429,7.9246315,6.325918,8.4584584,8.8518633,6.5574929,7.5348653,8.2541058,7.0555579
7.3610477,8.8138033,8.6455188,9.2159134,6.4588414,7.6828368,7.9894604,7.0749109,7.6538516,8.3216728,7.9123138,6.7078478,8.3888559,6.9579029,8.8042751,9.2182891,7.1686108,8.0688824,8.6891771,7.6423746
7.5934254,9.6926217,9.353304,10.009603,6.7312483,8.2262774,8.4102751,7.2795901,7.9397922,8.8696131,8.3016926,6.8506125,8.9787634,7.1295044,9.67749,10.132452,7.3808229,8.5240052,9.3656602,7.9237459
8.3424534,10.119975,9.8997114,10.524204,7.2470294,8.8267013,9.1020952,7.968568,8.6944378,9.543649,9.0355293,7.5487884,9.6456173,7.8005031,10.098352,10.496137,8.1067001,9.2237693,9.9385846,8.6593283
8.6479599,10.766322,10.430429,11.119487,7.7173796,9.1761636,9.4339418,8.1909417,9.0058498,9.9155148,9.3281244,7.8014892,10.031047,8.1857217,10.72101,11.213881,8.4557281,9.540803,10.459926,8.9829858
9.2536546,11.421494,11.149982,11.891431,8.0322146,9.793014,10.162428,8.8358947,9.6423143,10.677537,10.029082,8.3327358,10.786317,8.6460933,11.383492,11.907374,8.9214463,10.329939,11.154252,9.6081112
9.6857681,11.752446,11.449928,12.226557,8.5792921,10.229676,10.487039,9.3043751,10.08214,10.942472,10.3658,8.7794405,11.087397,9.0809555,11.715556,12.388348,9.4236074,10.618773,11.50062,10.0336
10.147957,12.613075,12.258755,13.119076,8.8416459,10.787867,11.142263,9.6595239,10.504526,11.718935,10.982397,9.1485609,11.859647,9.4645184,12.630823,13.080122,9.822607,11.209874,12.303005,10.502985
10.659465,13.09356,12.703818,13.518143,9.4192369,11.343697,11.675024,10.284532,11.156871,12.167132,11.517793,9.7268042,12.338416,10.093643,13.035055,13.696706,10.407387,11.859367,12.680333,11.137775
11.115608,13.728539,13.440745,14.305296,9.6895308,11.760072,12.156425,10.467568,11.605776,12.788787,11.934424,10.00121,12.879474,10.331646,13.672809,14.243701,10.745414,12.303027,13.461927,11.484071
11.677189,14.219434,13.879067,14.806819,10.238148,12.421377,12.717792,11.148796,12.028095,13.288538,12.661702,10.469512,13.481149,10.990733,14.209633,14.977536,11.305937,12.806938,13.950197,12.024471
12.042571,14.838855,14.413545,15.689242,10.608221,12.808982,13.065997,11.612425,12.616553,13.945248,12.876936,11.052271,13.992726,11.299638,14.801997,15.594327,11.722898,13.356906,14.482925,12.530446
12.50784,15.602533,15.126996,15.822934,11.064729,13.287716,13.750163,11.928987,13.06239,14.245608,13.638387,11.321109,14.540869,11.933943,15.542953,16.041197,12.110117,13.925137,15.160366,13.072839
13.17583,15.930716,15.592994,16.796414,11.354829,13.945449,14.251234,12.510168,13.650326,15.222072,14.215186,11.784977,15.22655,12.201693,15.892808,16.721751,12.902541,14.350795,15.600789,13.597869
13.428206,16.643427,16.34563,17.13317,12.084026,14.188787,14.786494,12.918343,14.080598,15.182371,14.46978,12.210198,15.512928,12.716985,16.641961,17.519927,12.944791,15.00181,16.287583,13.925082
14.005878,17.147817,16.639868,18.208672,12.148905,15.018135,15.302073,13.50204,14.450358,16.157467,15.126317,12.588227,16.24723,13.012173,17.332732,17.711013,13.701397,15.37706,16.853573,14.55122
14.40733,18.068233,17.537026,18.223044,12.837321,15.144399,15.790354,13.871647,15.097786,16.524031,15.600557,13.298571,16.908681,13.586455,17.629294,18.774314,13.903484,16.110065,17.353589,15.028223
15.007733,18.098821,17.685769,19.146046,13.024906,15.948658,16.551096,14.127549,15.683106,17.112657,16.35028,13.274509,17.194831,14.032182,18.469501,19.083273,14.64816,16.405072,18.056545,15.611608
15.468575,19.255815,18.715718,19.912434,13.648604,16.385886,16.586623,14.7906,15.99143,17.737836,16.491133,14.127421,18.07185,14.531861,19.092403,19.981788,14.825287,17.048263,18.555419,15.863939
15.764703,19.621848,18.811334,20.217296,13.954997,16.772705,17.787841,15.165498,16.583654,18.278541,17.269855,14.225627,18.313862,15.04419,19.231121,20.365385,15.574851,17.553311,19.179099,16.530967
16.678774,19.944334,19.826449,20.942021,14.377008,17.471836,17.582651,15.710049,17.076327,18.715555,17.592982,15.116717,19.074389,15.197419,20.440111,21.185952,15.740001,18.182633,19.614914,17.113937
16.690386,20.97713,20.180163,21.788736,14.866991,17.84863,18.541129,16.290996,17.400983,19.396855,18.058817,15.066556,19.434117,15.978559,20.552005,21.508302,16.530292,18.559226,20.30481,17.365312
17.304973,21.124562,20.794592,21.880796,15.298958,18.419802,18.866689,16.412223,18.376833,19.769565,18.922812,15.709604,20.226562,16.18367,21.467946,22.405967,16.772136,19.290726,20.862186,18.186716
17.830424,22.021128,21.20294,23.012588,15.542838,18.975722,19.461031,17.226104,18.16266,20.601291,19.074482,16.110119,20.597472,16.794959,21.857808,22.770605,17.370868,19.731569,21.300172,18.491978
18.652719,22.592817,22.062782,23.322132,16.186645,19.25014,20.176935,17.337067,19.121412,20.96243,19.626384,16.573378,21.230094,17.28362,22.531368,23.873818,17.761488,20.279527,22.356433,18.837512
18.279891,22.892721,22.386669,24.152792,16.472006,19.926571,20.0972,17.918765,19.675658,21.214986,20.515756,17.10151,21.95181,17.489722,23.002354,23.988647,18.22875,20.740028,22.284934,19.643471
19.491424,24.129315,23.3227,24.536349,16.962116,20.487892,21.480041,18.57754,20.07396,22.295292,20.506714,17.327056,22.262454,18.137029,23.974562,24.658435,18.836378,21.148939,23.270231,19.767072
19.655262,23.882905,23.22404,25.024175,17.390074,20.623144,21.39231,18.612384,20.530654,22.579593,21.602132,18.007102,22.751801,18.465766,23.893866,25.428119,18.954546,22.068973,23.791358,20.488751
20.277903,24.927683,24.92069,26.155336,17.643789,21.916412,21.727496,19.449647,21.136242,23.048697,21.589431,18.203925,23.541006,18.941099,24.894888,25.866752,19.461011,22.184417,24.164626,21.028908
20.768887,25.508026,24.206453,26.219889,18.42283,21.451368,23.134337,19.515034,21.435705,23.493622,22.463404,18.905094,23.830693,19.436821,25.665622,27.000409,20.242995,23.085769,24.907436,21.442335
20.974805,26.070745,25.790024,27.205308,18.247651,23.036716,22.785503,20.602076,22.263485,24.812501,23.058142,18.892116,24.667676,20.078743,25.65031,26.944743,20.417119,23.281276,25.328151,21.938326
21.684727,26.895198,25.60809,28.124589,19.18074,22.266415,23.706543,20.377889,22.258239,24.144364,23.322476,19.775121,25.151704,20.157647,26.938028,27.51603,21.480391,24.225141,26.506302,22.380716
22.27974,26.946931,26.727846,27.514038,19.369683,23.795926,24.25924,21.647015,23.316503,25.536008,23.525537,19.732869,25.270115,20.8219,26.964865,29.045822,21.002235,23.908359,26.392331,22.984048
22.428638,28.086639,27.068081,29.421692,20.026699,24.029827,24.407871,21.140694,23.28588,25.966883,24.66698,20.419778,26.814304,20.929666,27.801791,28.674197,22.080715,25.418013,27.354251,23.49624
23.426412,27.923557,27.729302,29.062018,19.982629,24.17567,25.500418,22.586434,24.290245,26.490902,24.83122,21.109423,26.124463,21.864176,28.713786,29.544262,22.620905,25.170843,27.816279,24.094472
23.261206,29.715928,27.983172,30.455785,20.87083,25.31276,25.380719,22.229865,24.42619,26.821669,25.567143,20.994944,27.540378,22.048029,28.666943,30.413911,22.500132,26.256539,28.175695,24.464237
23.96554,28.774285,28.907602,30.70228,20.898371,25.375545,26.65942,22.893621,25.008733,27.979124,25.724486,22.141786,27.496697,22.716609,29.574255,30.75171,23.483152,26.098085,28.86138,24.844422
24.75543,30.696774,29.532679,31.021519,21.768564,25.975292,26.446465,23.729077,25.518802,27.493764,26.995603,22.148042,29.023154,22.963289,30.194195,31.675731,23.830692,27.703497,29.491491,25.493724
24.728815,30.898364,29.711086,32.332298,21.918957,26.787714,27.175884,23.761784,26.382641,29.04854,26.511006,22.396839,28.321041,23.421884,30.405455,32.011219,23.916725,27.365361,30.402911,25.929748
25.687946,30.166931,30.467886,32.615662,22.254509,26.785618,28.167982,24.156669,26.239342,28.689548,27.940946,23.076916,29.897526,23.989082,31.136911,32.910153,25.358933,28.030932,30.12377,26.22595
25.870643,33.532799,31.32447,32.82423,22.897758,27.642203,28.590011,25.124283,27.013846,30.354901,27.921869,23.477411,30.333413,24.117876,32.317169,33.107292,24.786225,28.611605,31.969505,27.11141
26.396087,31.175178,31.646273,34.054858,23.363381,28.11277,28.318317,25.353295,27.784054,29.602499,28.445332,24.085181,30.145472,25.083909,32.16175,34.101395,26.026632,29.728931,31.430216,27.425275
26.857964,34.248339,32.479068,34.561488,23.400952,28.349599,30.062386,25.40265,27.360856,31.874716,29.32965,24.049476,31.877244,24.964579,33.620326,34.407453,25.790918,29.308414,32.022301,28.262946
27.467324,32.725743,31.866626,34.601893,24.225416,29.142567,28.758541,26.339109,29.48223,29.790993,29.592963,25.167241,31.019341,25.773218,33.380787,35.009185,26.570336,30.458455,33.206245,28.074034
27.391196,35.308019,34.032527,36.009563,24.280099,29.431276,31.688019,26.783784,28.009253,33.273064,29.858928,24.919443,32.661051,26.507643,33.594899,36.223786,27.178217,30.790323,32.812938,28.939606
28.309335,33.935224,32.908073,34.662502,24.789147,29.687202,29.579601,26.667146,29.769636,30.54408,29.981064,25.75574,31.835548,25.597898,34.62365,35.347726,26.683217,30.881206,34.342602,28.963387
28.359623,34.754672,34.594324,36.663213,25.171063,30.031668,31.644759,26.833152,29.142382,33.658603,31.329454,25.03747,32.93499,27.213824,34.907717,37.052934,27.857248,31.908659,34.012871,29.83087
28.816716,35.299687,34.05258,36.860591,24.606125,30.290454,30.843052,27.789046,30.33564,32.0023,29.83037,26.503263,32.872987,26.598397,35.632921,36.446211,27.814809,31.240583,33.988379,29.412224
28.795259,36.242139,35.289095,37.074711,25.929314,30.821404,32.144665,27.464852,29.734526,34.362317,32.259096,25.818595,34.779469,27.61846,35.516694,37.486229,28.081077,32.666719,35.330906,30.293355
29.708296,35.357725,34.151143,37.610007,25.756139,31.350178,31.888685,28.313894,31.061153,32.719192,31.132855,26.753955,32.940876,27.221947,35.283334,37.187105,28.079884,31.782729,35.310296,30.220099
29.382354,36.732582,36.607613,38.430549,26.014891,31.58242,33.120484,28.276738,30.355434,34.564999,32.238264,26.611754,35.096799,28.507619,37.194059,39.216553,29.830112,33.233546,35.763489,30.802509
29.619028,37.20035,35.201288,38.116208,26.219616,31.521471,31.714881,28.924541,32.009938,33.785388,32.173553,27.458055,35.184915,27.390547,35.603037,35.951966,28.383702,32.670362,35.718346,31.022421
30.637849,36.269584,36.947321,38.166265,27.072105,32.491284,33.68412,28.472738,31.129207,34.678628,33.301371,27.245409,34.798253,28.874386,38.619333,41.033642,29.708981,33.74835,37.186046,31.364869
30.302438,38.28858,36.022216,39.656283,26.423665,32.361967,33.491411,29.618153,31.434903,34.715287,32.24985,27.682384,33.961027,28.157353,37.022086,38.327371,29.591073,33.658205,36.141167,31.599592
31.14517,39.083507,37.784277,38.259225,27.63251,32.737392,33.769921,29.288519,33.245173,36.387592,34.294986,28.28937,37.61978,29.606068,37.6577,39.703121,30.394009,34.302285,37.496928,32.733469
31.403717,37.605096,36.977202,40.66925,26.888882,33.175058,32.978811,30.496944,31.981151,34.656659,33.213768,27.906025,34.892477,28.978415,39.029778,41.164188,29.662603,34.392378,37.238548,31.536886
31.861696,39.64453,38.337505,40.058133,27.969397,33.816568,35.20533,29.254672,32.729009,37.773302,35.180849,29.094032,37.932485,30.058661,39.057988,40.144291,31.418959,34.927724,37.903552,33.474828
31.239644,38.28974,37.522924,41.119432,27.759679,33.480884,35.763339,31.491502,32.962474,34.825929,32.851171,28.191767,35.789414,29.763006,38.738092,41.074762,29.802762,35.007127,37.984052,32.974215
32.635063,40.527536,38.667484,41.079715,28.840716,34.64972,33.225346,30.177485,33.687284,38.032483,35.730865,29.45885,38.169205,30.201611,39.529687,40.56426,32.10309,36.810015,38.523386,33.215863
32.597704,39.645675,40.3024,40.029711,28.032195,33.994876,37.772281,31.589033,34.501481,36.956303,33.978029,29.314498,37.889981,30.472128,38.109291,42.974429,31.242583,34.826391,39.837734,33.612682
32.870978,40.547445,37.401821,44.600766,29.186081,35.114829,34.878755,31.158584,33.207042,38.017197,36.442485,30.020492,37.143271,31.057005,42.85597,41.248882,32.117277,36.698019,38.67484,33.552931
33.401963,40.265958,40.969559,40.725059,28.956245,35.288936,36.846587,31.693106,35.212439,37.388212,34.61782,29.837158,38.781036,30.244047,39.44388,44.016986,31.960732,36.676159,41.214734,35.463713
32.615249,41.732668,39.024565,43.924346,29.92395,35.87761,35.805868,31.587827,34.37504,39.11985,37.401197,30.301335,38.901055,32.147538,40.249385,40.43379,33.02819,36.531532,38.22386,34.248067
34.982704,41.060187,41.772651,41.903841,29.156171,35.360541,38.135624,32.549447,35.236238,37.709161,34.891084,30.868395,39.181469,31.607401,43.252934,45.570907,31.553007,37.124411,42.340424,35.010383
33.407895,41.823057,37.372038,43.52798,30.642702,35.981259,36.038032,32.804834,35.669387,39.963277,38.428122,30.730765,39.5861,31.567148,39.473439,40.156357,33.833796,38.246213,40.249425,35.26095
34.688005,43.272139,44.243175,45.298832,29.629015,36.944032,37.230991,33.04792,35.81307,38.763616,36.075121,30.801948,39.582505,33.150482,44.913578,47.999981,32.595811,37.09869,41.433445,36.004062
34.594238,42.733131,40.314868,42.597675,31.048476,36.250291,38.583464,33.038733,35.747228,40.617286,38.883967,31.538778,40.146454,32.185216,41.305674,44.125754,34.883018,40.03588,40.816518,35.187908
35.212196,43.818031,43.273482,44.817771,30.094413,37.779796,37.925246,33.381136,37.34385,37.201996,35.840004,31.865406,41.585029,33.251828,44.16651,45.238905,33.012632,37.781295,44.099973,37.596556
35.074646,41.150038,41.078918,46.530048,31.609498,36.868878,38.744793,34.437059,35.022494,43.763597,40.271019,31.684238,40.760615,32.912642,42.499186,44.084426,35.163157,39.958853,41.024004,35.52121
35.011764,45.775571,44.360947,44.85989,31.107017,38.583795,38.340019,33.882494,38.796304,39.131733,36.877745,32.947272,40.730439,33.600526,44.371845,47.104106,34.427691,38.974393,44.29595,37.697051
36.90041,43.502229,43.119884,46.472532,32.321438,38.197994,39.24963,34.492045,37.138975,42.48936,40.900244,32.075294,41.571112,33.289204,41.835169,46.52413,35.499578,39.440017,40.923516,37.586714
36.63229,45.099186,42.41432,44.913475,31.196671,37.531225,39.762373,34.964881,38.37823,39.520469,38.251575,32.831934,41.349301,34.643919,46.690153,46.754102,34.468334,40.233573,46.306452,37.39033
36.584195,44.36078,44.425636,48.0104,32.786583,40.34347,40.348845,34.351521,37.718803,44.548942,40.147043,34.009377,44.055137,34.279152,43.524549,45.138625,36.605266,40.053944,42.06641,38.140366
36.752167,46.816322,43.812988,47.635747,32.153009,37.646407,40.746971,35.512058,39.14925,40.071073,40.296659,32.639033,41.042744,34.230494,46.380752,49.501364,34.54059,42.001826,45.545243,38.756908
37.149004,45.447382,46.599536,43.998112,33.371389,41.381267,39.744311,35.750201,38.272783,44.987255,39.637747,34.41603,44.878714,35.338717,45.721883,48.300313,37.658021,40.968858,42.985865,38.588013
38.756427,46.30189,43.014804,53.196337,32.196201,38.384126,42.696015,36.192155,39.500147,42.090926,40.596001,33.559891,42.606756,36.301281,46.341453,47.826192,35.658978,41.677187,46.052434,38.736891
37.339695,46.396524,45.736367,43.980469,34.119597,40.44755,38.820169,35.045689,37.543685,43.272256,41.199738,34.386728,45.163808,34.723331,45.33935,48.703645,37.684881,41.535728,46.096731,39.650788
38.181592,46.006446,46.122947,52.59002,32.69996,41.469029,43.085977,38.256767,42.04326,43.436818,39.724067,34.453778,42.451935,36.907744,47.69847,46.791231,35.97981,40.916992,45.232291,39.35787
37.572595,49.272542,46.63413,46.277994,34.86949,39.850067,39.71316,36.161543,38.298071,44.669005,43.818355,35.25805,44.801015,34.448154,47.749778,52.250853,38.567388,45.155504,47.193809,39.726374
40.420438,43.97475,44.942984,50.872222,32.609978,41.122028,45.165268,36.894827,41.525345,45.293587,40.395477,34.847191,45.528076,38.097308,47.588755,46.496321,35.676164,41.346764,46.395541,39.974084
36.889824,51.862471,48.086616,51.353718,36.052194,42.696442,41.581855,37.039007,39.490483,44.541666,42.406109,36.213687,46.715736,36.018841,49.423557,55.494267,40.045956,43.634391,46.426158,42.556332
42.101703,43.8179,45.883145,48.553449,33.254047,38.480585,42.926171,39.376771,41.135472,46.005754,41.724946,34.679804,45.248355,37.573572,43.823317,46.631584,37.371357,42.749849,47.493445,38.982958
37.495513,55.047186,49.128268,53.313369,36.798079,45.0283,44.893246,36.491004,42.276261,45.416332,44.607551,36.569929,45.388656,36.991585,51.861943,52.097563,39.953706,45.58428,49.214411,42.563161
41.859365,45.672701,46.16974,47.17493,34.318285,40.847777,43.564627,39.453413,40.651857,41.387263,43.598305,35.917179,47.07829,37.5756,49.770506,52.219315,37.062258,42.165698,47.523688,39.813054
39.787134,53.538771,50.636168,54.450695,35.793124,45.223591,44.393264,38.232704,44.879733,51.20595,43.253788,36.641917,47.448157,38.90931,49.027594,52.682235,40.559089,45.638241,48.868843,44.221277
41.469539,45.384715,46.290195,51.06039,35.299199,40.64609,44.372967,40.005952,40.766627,44.170934,43.725669,37.4134,46.928854,36.636304,50.134711,52.041404,39.359611,45.861088,47.610566,40.785228
39.848364,55.449055,51.673882,53.691698,36.268937,46.439087,44.641035,38.216815,44.462425,48.241512,44.264327,37.581675,45.816324,40.406069,50.862382,51.92931,39.602541,44.340304,51.096818,44.764197
43.020869,47.189888,48.876448,52.418615,37.138918,42.155877,45.582315,40.006284,38.988029,45.221145,44.367172,37.202792,49.758274,38.482953,50.990109,51.36218,41.161193,47.522072,49.703232,40.778908
39.859777,53.63196,48.889158,52.890704,35.409775,45.69686,44.882075,39.872986,46.947121,50.938917,45.361494,38.118144,47.039202,39.204471,52.302956,56.960124,39.526306,44.785738,48.907605,43.800804
43.112294,53.735173,53.233662,54.286808,38.75361,43.98432,46.817906,39.99009,43.343033,42.518733,45.22504,37.238199,48.775362,38.52744,48.639219,48.650582,41.376792,48.263479,50.391972,44.939086
43.0816,49.603087,48.30112,54.40184,34.551562,43.9094,44.539243,40.288894,44.104395,54.564195,46.469406,38.4844,49.118834,40.226505,53.561342,59.418021,41.041298,44.993857,49.788451,44.255368
42.184448,52.31527,54.154891,54.430527,39.922055,47.902392,48.493778,41.612178,44.783371,45.822773,44.140418,39.541424,51.880732,39.626768,52.835567,51.629042,41.381745,48.374128,53.953235,41.292402
43.684492,50.225769,48.594062,55.617722,36.198929,43.102341,43.186289,39.18301,42.028697,51.971545,47.736519,36.925866,45.656431,41.228327,51.411113,59.109787,41.50588,46.382498,52.125832,47.739712
42.829487,56.505398,54.536767,52.707841,39.703578,47.287289,50.826952,44.479973,48.892046,48.19907,45.062493,40.2181,51.721673,39.200173,55.865055,50.307168,40.870122,48.100622,49.492762,43.252839
42.823513,52.388158,45.40407,57.479428,37.054905,44.600388,45.080031,38.419309,41.841345,51.089353,48.49165,39.971489,49.949947,41.737966,51.824843,60.460493,45.054176,46.338829,52.949582,46.978685
43.546131,55.564444,60.251061,55.015695,39.890624,48.418119,49.292831,45.500462,50.332328,47.917763,45.757831,39.503256,51.742305,41.585254,53.611819,51.259283,40.917573,50.823377,55.509841,42.333856
44.635074,51.206045,47.577127,57.738784,38.553588,46.566768,47.518707,38.295953,42.913403,51.662075,48.551219,40.040941,52.4068,41.383178,51.413109,62.242573,44.009936,48.395741,49.697295,49.665061
44.401741,58.550288,56.388481,53.933355,39.403858,48.565819,49.459422,46.2872,49.499819,52.325437,50.079718,39.842961,51.132785,41.883905,59.575851,55.102476,42.79642,50.307178,54.732475,44.587185
45.016849,52.857322,53.238632,61.419796,38.82031,43.441372,50.023259,41.930821,44.304059,50.479856,47.646054,42.922532,49.310805,42.062287,53.454724,59.371857,44.445512,45.421997,53.675739,48.73292
46.094081,58.145139,56.193522,54.557253,40.147533,51.49429,47.67018,44.105142,48.691279,50.977652,48.722357,38.686261,55.022996,42.83887,56.971022,54.196478,42.961322,54.403023,53.721435,42.812672
45.275299,51.002328,55.329348,61.468467,41.19182,46.047282,51.531827,41.777673,47.334156,53.247814,49.417516,43.853783,50.385699,42.404043,53.267792,64.529829,44.777286,48.050075,56.632426,50.688524
45.58362,61.284904,51.191799,56.829399,37.819778,51.117955,48.716416,45.225006,47.586083,52.696421,47.176188,39.338086,56.235181,44.190129,59.643523,52.673502,43.401676,54.000401,55.877326,46.633556
45.008347,54.494698,59.321819,59.241175,42.813708,43.85794,51.904536,42.991405,48.517735,53.721049,53.019086,42.093458,48.337558,41.494962,52.078144,63.135174,45.082407,48.122572,50.307156,49.276028
46.878949,56.973555,52.235865,55.250416,39.445861,54.541501,48.182374,45.51154,45.646454,51.239991,46.237672,41.993851,57.470311,45.199457,60.76287,59.986504,45.183753,53.111981,59.421037,44.634687
46.901906,56.058001,57.027208,65.056299,41.92339,45.105999,54.076495,43.696444,51.056895,52.631235,53.566208,42.490386,52.005675,41.933516,54.675783,57.849768,44.04372,50.050477,52.752836,50.576522
45.087857,58.078385,51.154634,54.941183,37.677417,52.236802,48.504226,43.816559,45.577645,55.706682,46.441493,41.639373,54.743633,44.429455,58.079726,59.315843,44.743005,52.179413,54.323934,47.56393
48.685119,55.991883,60.863361,61.070635,43.893797,46.580101,53.327738,44.996805,48.008983,51.354105,54.215581,43.266519,50.075851,43.416521,56.194294,59.348724,46.51351,50.526253,60.847649,48.663133
44.847451,59.058683,53.067487,62.742113,38.157861,53.283417,46.031376,44.638939,51.682624,53.769112,46.576893,39.828566,58.39187,42.734439,58.986171,58.821477,44.255465,52.501133,52.431912,49.452956
48.572647,56.744193,60.099886,53.043215,43.372731,43.83949,55.934646,44.49059,45.619294,55.830057,54.061643,44.113343,53.564141,46.785592,53.611452,63.682917,47.388192,50.051728,59.461109,46.943643
44.567883,59.016463,49.994147,66.608231,41.089514,55.425279,47.767572,45.837933,52.631153,50.651054,48.666132,40.691421,53.906383,40.374575,62.723051,58.702712,42.876236,54.360758,56.69812,51.221144
49.407333,57.530314,62.0382,54.246989,40.219658,46.53206,54.978189,43.166391,46.991779,56.962995,51.837591,44.606896,55.929374,47.982883,48.004703,64.021831,48.247777,46.42734,56.396696,44.3978
45.318896,59.310027,55.868248,66.102466,42.477752,54.769049,48.413556,48.005575,51.387185,47.427006,48.517464,42.438299,55.496763,42.711773,69.703593,51.705429,43.84186,56.930024,51.611612,52.392936
50.495763,55.51179,55.203239,58.066811,41.764678,44.576923,53.412729,41.951603,45.813361,59.576927,53.004605,43.408646,51.589788,45.759804,45.781716,70.006898,48.056434,53.175127,62.24846,46.136275
44.861368,59.756733,59.162468,63.699535,41.866979,55.966295,50.43722,48.230607,52.869846,53.845767,52.903397,41.250865,57.652844,45.781827,67.553953,53.213615,45.059301,50.892862,55.580812,52.132646
49.418788,58.095296,57.041349,56.866706,42.821101,48.891754,54.268733,43.950334,46.548813,54.744783,50.103322,44.888629,53.671069,39.886288,57.004967,69.049273,46.022343,51.855868,59.412816,46.634976
48.382024,61.658973,55.65604,65.699479,40.325242,52.497486,50.232126,46.361674,53.031208,56.877079,53.807323,41.962082,58.602024,49.190142,61.518812,54.249862,48.79315,56.612072,54.451302,53.719623
47.202573,57.656363,61.376503,56.915341,43.780904,47.260249,52.969821,47.866343,45.431163,53.103838,49.093272,44.97974,50.886939,42.781506,57.338074,69.215973,42.974397,48.036827,60.821898,43.782663
47.649859,60.071076,51.596376,66.751185,42.897158,55.345827,53.112244,43.583372,54.305108,56.518029,55.508456,41.513623,58.886812,48.189092,61.008564,56.491033,50.295612,54.262844,51.663067,56.452303
47.499239,56.398618,62.492206,58.015441,40.242194,47.781959,51.009579,49.457782,46.068633,55.130783,48.945667,44.618217,53.259568,41.997828,55.910666,67.793201,44.460131,57.682633,65.149552,44.388164
50.80267,61.962443,50.610501,65.212137,44.972883,53.87507,54.217064,41.785966,54.218118,53.745127,54.041936,44.127306,58.829675,49.242868,62.944749,54.061101,49.678019,50.044358,54.012407,55.751641
46.599124,61.081397,66.589508,57.753068,40.136227,48.429734,50.881767,50.182383,48.671636,58.281184,51.241847,43.215746,54.832257,42.742524,58.535368,71.022644,46.014969,54.659085,62.399435,44.198783
49.542481,58.483642,52.521201,65.394832,45.867429,55.215746,57.049412,42.57195,51.333383,56.310377,54.546296,45.816139,57.10166,48.23417,58.69543,54.783616,47.769294,52.781903,55.349125,56.031875
50.038848,61.221621,63.305883,62.710377,38.372437,49.960071,49.68712,51.454632,50.961964,48.577266,51.530127,42.495346,54.116393,43.083988,57.507823,70.984437,46.201536,57.400729,59.125202,47.273629
49.121287,56.494035,57.609604,60.46605,47.780963,52.830792,55.397987,43.009919,52.492332,63.355709,50.901986,46.299419,57.425268,47.231445,63.482986,56.511695,49.913171,51.127185,59.560124,53.340595
47.862926,64.819042,60.149897,66.252906,38.682046,47.605249,53.692129,51.446025,49.065609,52.299541,57.19808,40.950425,57.529673,46.881671,57.624306,64.951834,43.864678,57.715962,59.567513,49.380878
50.085373,60.779479,56.455902,62.75754,48.305574,56.317061,55.427945,44.15847,54.189933,59.696426,48.666544,47.588843,60.189867,45.302654,63.562733,68.089597,49.973691,49.775068,54.317329,52.691523
47.395486,58.853495,60.746173,61.37111,38.542862,46.754495,52.580205,50.981499,49.593455,55.41819,59.043934,43.891558,53.07097,49.158105,56.32418,57.485525,47.880412,58.069236,66.10545,51.59731
52.340251,61.736372,55.588498,63.399496,47.725602,61.323892,55.45497,43.342207,53.122238,55.123943,46.835851,45.822369,60.597711,44.192226,63.349672,68.593426,49.899047,54.179089,54.527674,50.65232
43.677437,58.270941,65.265842,61.390696,40.990866,46.503904,52.467362,50.996465,50.804501,58.159049,57.900988,43.42597,57.403616,47.664265,61.673086,62.050686,46.928752,55.477245,62.795576,53.992541
55.556772,66.346755,51.157978,68.327747,47.528065,58.977414,55.363003,43.943589,52.378248,57.174662,51.793133,45.470321,57.422969,45.071712,61.347993,67.053052,48.150275,54.419197,59.598409,49.34936
47.313281,59.89979,67.555544,57.542126,41.441189,45.940556,49.940805,49.716302,52.488357,57.188678,57.449736,45.037497,57.990717,48.30291,64.174667,55.905464,49.573799,53.902372,60.46417,54.376286
50.998121,64.572207,51.765082,69.341529,45.546533,58.624027,57.343793,48.527846,51.08731,58.2199,50.626048,46.745602,55.925863,48.656636,56.617736,72.009827,45.798747,60.515933,59.787151,49.680944
51.633791,56.177434,67.53284,60.775904,44.57905,52.160447,57.897009,48.50007,54.019362,56.342199,56.551099,42.145743,58.51758,44.321325,66.107579,61.491778,51.345701,49.054238,58.60497,54.068777
50.313728,67.988415,59.700156,64.158526,41.710401,55.374699,49.961303,46.804622,50.362554,56.65155,53.398658,49.478822,59.668118,50.671864,57.297071,65.348238,49.014798,61.397524,61.841069,46.6653
51.06883,54.224093,61.143316,64.811959,46.943916,47.441805,61.629949,47.9938,52.663109,60.775695,53.718355,43.569407,60.593268,43.518294,67.259001,63.906106,47.488331,52.161063,62.729686,57.543553
49.449321,68.982895,60.383692,68.420155,42.498515,58.776898,48.501865,50.528651,54.796162,57.569014,57.636115,45.887571,55.037603,52.124969,56.838716,68.914543,51.385126,58.01479,57.245475,52.526714
49.207947,59.48908,60.741989,64.142308,45.846512,53.3785,61.8113,47.121581,49.628675,57.741307,53.565364,47.567067,62.993342,43.460795,64.753113,58.197468,47.332083,56.329736,65.839137,52.371703
51.441008,65.90209,60.365353,63.395522,45.479914,51.317355,50.579626,49.641881,57.249708,58.01978,54.362763,44.359146,56.6693,52.463897,64.710711,72.260843,50.588292,55.296985,57.400651,52.392736
53.173275,56.252648,63.916366,65.001475,44.244263,60.125349,61.47731,47.41033,48.650823,58.679784,56.00934,49.524165,64.155273,43.076138,62.480985,61.453436,47.696749,58.882923,64.146421,55.28671
50.664168,68.525638,60.34562,68.63145,45.705079,50.533722,53.862888,51.212704,57.226068,59.098478,54.516027,43.045519,52.088979,52.32836,63.454929,71.417078,52.144739,52.556233,58.907873,48.56187
52.373276,63.165868,59.275336,63.647592,45.865955,57.76564,55.588972,48.001863,52.56674,60.680053,58.317024,50.969386,65.736864,46.421546,60.685722,58.421036,48.128827,59.215332,61.462261,57.215944
50.229941,64.460198,66.66376,66.011348,44.132999,53.390598,53.310889,50.862395,53.637994,57.599461,54.741217,41.519955,56.058541,48.373889,65.894668,72.357251,51.258336,57.525654,65.339182,52.187757
52.018252,63.383887,55.722768,69.460083,47.432353,55.685791,62.255351,47.155621,50.884352,60.332987,55.801223,51.562029,63.298045,50.642598,60.759737,63.669348,51.354711,54.934179,58.802112,54.430544
50.757219,60.200734,68.636472,58.932716,40.990451,50.805537,54.036689,51.92717,58.975453,59.19853,54.759967,43.313806,56.796144,47.394827,68.364364,70.060556,47.477065,61.010777,64.84078,54.303081
54.941046,69.327792,54.6046,72.702226,50.142885,60.676703,54.704229,46.482964,51.400595,58.147608,56.239141,50.362472,61.865047,48.803546,58.725971,61.56244,52.456434,53.874094,61.619747,53.818901
49.091073,60.543105,70.706821,66.250187,42.550555,48.634028,60.565433,53.405039,56.391616,57.893914,58.241923,41.877085,56.72078,49.164856,69.273517,69.814914,50.852611,60.191393,62.841432,54.779768
55.892545,67.837814,51.170499,62.80445,48.653051,62.028563,55.446665,46.920868,51.290547,60.237476,53.202467,52.510987,66.324756,47.400554,60.549682,65.762071,50.448028,57.324513,63.638191,52.533173
47.065134,57.22241,71.692238,70.391222,45.910983,51.540819,57.364119,52.580558,56.771819,59.442112,57.253974,44.621715,55.909626,50.762365,69.346175,71.155284,49.004108,56.666833,61.267403,54.88273
57.808521,68.996726,58.922293,66.581576,46.374339,59.842846,59.347886,50.750976,53.664393,63.410144,57.447193,49.456363,65.738462,49.409403,59.839596,63.950643,52.676492,57.720177,62.386119,54.758971
49.448443,61.523133,68.227287,63.415495,45.477019,54.781037,56.354306,48.257169,54.557658,58.973342,55.20943,47.79014,55.916202,48.83067,71.406185,70.942047,52.101698,58.361096,63.762305,57.022094
54.602839,66.416937,57.393083,71.461613,46.498297,56.622705,57.274479,51.510689,56.837836,59.717881,58.75232,46.272973,59.724315,50.119266,57.913832,66.602119,49.167021,58.632092,63.999879,53.404747
51.139331,69.135883,63.819007,66.619775,49.174714,50.898079,56.635578,47.827922,54.081676,61.76312,59.006534,50.588845,66.930638,48.568137,66.450839,69.962956,56.216142,61.439514,56.740778,53.868192
56.520886,58.460218,65.842628,67.097006,42.653718,60.466473,60.256006,55.377126,58.939061,57.972504,53.850113,46.12411,59.413767,52.917481,66.523612,65.223224,46.309853,53.871696,71.562697,55.577231
48.825281,72.024893,67.245349,68.901871,50.375378,59.160653,55.618107,44.544703,48.349722,65.584854,60.932861,51.093956,64.372195,45.102742,63.483753,68.102067,56.308892,64.101583,62.334047,56.458085
55.525521,61.774638,57.118832,68.231878,43.386296,52.435546,62.930051,58.704597,62.699967,58.23617,53.589476,41.693809,58.151571,53.2447,69.918825,70.509505,49.317655,55.900538,65.131447,56.152974
54.18913,72.147888,71.245722,65.289982,50.159562,60.420197,55.464433,47.650935,52.370104,61.462064,62.1942,54.533867,63.395117,49.747732,58.67877,69.394778,53.98045,63.163322,65.453656,53.117456
53.826505,57.878837,58.451967,73.418642,46.763052,55.095114,59.729774,52.883158,58.230694,64.104234,54.158715,44.476401,65.514155,51.600621,70.292246,64.434465,50.710382,52.20645,62.373027,57.326694
52.731231,74.60122,68.301637,63.877447,47.474896,59.290515,54.523975,51.256011,53.141237,59.864451,62.180505,52.198635,57.753367,49.267123,66.170394,73.411456,53.870271,66.280118,64.775314,56.252031
55.158276,62.546104,64.800443,73.015108,46.744308,55.361206,65.099939,52.292524,59.171048,62.211445,55.541464,49.198265,65.105957,49.660211,69.424155,69.0065,50.799146,56.583602,63.021365,53.08935
54.913827,68.740101,64.006274,69.186116,49.077451,59.903189,54.054823,52.220503,55.253157,61.87701,60.506853,48.821453,59.479045,52.861261,63.630487,64.701238,54.418015,60.005881,71.214597,59.90714
52.601592,66.089268,61.377155,66.368772,46.503639,57.0519,61.322757,48.756873,58.43591,58.911931,56.606347,49.757818,68.284293,49.525734,64.273468,78.512839,50.046481,57.728026,60.935757,54.670598
53.930836,66.593377,69.62335,75.606593,47.318896,55.713513,60.055223,54.722313,55.791499,66.995017,60.641517,46.34682,55.042457,53.325412,70.076602,59.937025,56.969981,63.098339,66.319533,58.351046
52.997085,64.392186,65.11507,64.027001,47.498469,59.652786,57.232252,49.257297,53.561392,60.004667,56.341938,53.480648,70.041469,46.268619,66.385288,78.706153,47.911384,58.209843,60.801988,52.361023
58.916571,72.040015,65.668717,72.39804,49.981949,55.285191,58.856037,53.87998,59.579303,63.528608,59.160054,46.66045,58.145595,56.981922,66.202697,63.549531,58.683109,61.677715,71.267937,60.853351
49.678034,63.741718,63.537041,62.059117,46.500011,58.689649,60.85181,51.351721,57.010439,59.546837,59.564384,49.475111,69.184008,49.161245,67.262448,77.199016,44.506424,61.346502,59.836502,50.809241
59.178427,64.554119,65.452959,77.784615,48.761068,59.562759,58.618744,52.335641,53.050346,67.384046,56.53547,49.466152,55.402255,50.0544,64.681919,60.239969,58.707295,54.238948,70.724838,62.534168
50.456446,70.194739,60.817096,65.176472,46.303844,51.506455,62.352913,53.542051,60.521684,57.714612,61.043261,48.912086,67.171715,53.290599,67.970577,80.204775,52.049698,67.895218,63.451003,53.644085
58.344763,65.142433,69.683563,76.068234,46.553003,64.073491,53.904308,50.970494,56.348156,63.776588,54.504356,47.408138,62.517535,47.996349,68.875875,57.157492,53.126849,52.612498,65.077308,56.604011
51.260357,68.086889,64.842698,57.373562,48.830138,55.767543,65.184471,51.11311,58.229944,61.662981,64.068498,52.085396,63.653778,52.958685,58.441222,81.853765,52.331443,66.542642,64.649464,58.455133
56.29128,67.458986,64.149321,80.381917,49.518012,60.429866,55.322496,54.657946,54.772836,64.383179,57.226328,49.039687,65.769004,52.603821,74.48217,59.045613,52.679133,54.584714,68.243313,54.889037
55.587867,65.626015,66.773008,68.006886,45.926776,55.568927,62.648975,49.572027,57.931394,59.78523,59.670594,49.930555,60.806461,50.117462,67.537641,77.530307,55.537619,67.413831,63.44516,59.144778
51.902589,68.135008,69.623797,68.170732,50.650387,58.912892,58.095403,51.763529,55.809526,62.619433,57.553111,49.394528,65.361503,51.759851,60.350195,68.866231,48.014095,51.793822,67.578236,53.571695
57.490391,69.192161,61.509493,73.175322,44.246415,53.484118,62.73746,55.362156,56.33483,63.60918,63.814024,49.327503,61.491969,50.515301,73.98033,73.845189,60.070491,69.205625,63.175918,59.673055
55.808054,66.968348,66.636217,63.470831,51.099691,62.634227,57.955621,50.874084,58.610016,63.73221,53.190814,48.324059,64.39927,52.301571,65.248962,66.030414,48.864959,56.927925,69.68266,56.965118
51.787212,65.931493,60.638666,73.730399,45.209597,58.437264,63.347258,54.976468,54.689089,59.611256,65.406274,51.888238,62.121071,51.735818,70.674679,73.89871,56.226434,62.109287,61.927776,56.366311
58.255441,66.723665,73.61179,68.096252,51.746783,56.883888,53.635935,47.573791,60.191696,64.449069,51.979611,46.047652,68.47105,50.889397,60.202984,72.931174,50.562113,60.93965,71.610202,56.890214
51.984528,68.449555,55.371069,75.872171,48.638106,57.792721,65.139096,57.138681,56.961362,65.821638,64.594671,53.695528,57.571732,52.052586,71.860995,65.062657,56.191408,61.435569,56.173459,55.908663
57.543905,67.965967,74.086579,65.557183,46.379425,61.369539,57.749123,51.108837,57.551886,61.877603,52.48512,47.002108,66.12083,50.526703,70.585713,75.233495,51.571426,61.734709,71.73977,58.6071
54.843223,66.72309,65.513796,74.371157,50.07443,57.046215,61.114039,52.656654,59.072707,64.386407,65.044918,51.206613,61.580643,52.199445,62.542725,59.753992,53.811124,57.75363,65.769169,54.732242
52.78453,69.783221,61.914502,62.654667,46.617669,59.265101,59.099828,53.278915,54.651275,59.782372,58.805795,50.379531,65.49595,53.680469,71.242221,83.752091,55.818085,62.212856,68.364437,58.605658
53.728618,67.020483,73.810951,81.232574,50.164851,58.166012,58.365462,54.177063,57.659279,64.458358,59.866125,49.604042,60.305643,47.190856,68.852603,59.468355,49.882523,60.37772,63.418823,53.171904
59.23557,68.921112,56.552425,58.059348,47.243491,56.374847,66.409131,47.796594,54.52257,62.48441,58.484263,50.42884,67.354985,58.226459,66.693934,80.724709,57.301629,62.465949,63.882899,60.744631
51.001831,63.085231,73.119758,79.415686,48.932823,60.037091,54.930218,56.884745,59.740485,63.603449,61.791307,48.979659,64.193881,46.314251,65.232246,64.844267,49.002102,57.805683,72.556671,56.5262
60.306813,72.523017,59.65053,63.654184,51.222161,57.734762,66.378774,48.435094,59.969813,63.595478,56.883288,51.853146,63.503466,54.041212,70.335799,76.862159,57.620011,65.308293,58.949554,57.739711
50.742011,62.266782,69.725596,72.81893,44.137931,60.735391,53.518392,56.827784,51.490498,63.34687,57.702409,48.11344,65.170112,47.795287,60.682975,62.145907,51.606421,55.632003,76.15538,58.391314
58.689153,73.035191,70.656513,77.710987,53.422261,59.799352,66.069621,52.490757,64.620228,63.47548,64.394269,50.536127,61.832692,57.03648,77.498587,81.098709,55.672101,64.886977,60.952347,57.048852
51.893556,66.41567,60.694974,63.441654,44.414025,57.861571,56.739762,53.958891,51.828548,63.653065,59.131214,49.757325,65.370466,49.666705,63.040167,62.224019,52.485496,60.90705,69.46446,57.469096
57.773065,71.195943,66.715333,76.164717,52.03291,56.648465,63.341568,50.634715,62.81554,60.483843,59.790845,49.919689,65.004446,54.149229,72.425715,82.095237,55.625252,64.383937,58.827858,57.522506
54.279427,64.837502,67.186884,66.08834,47.269657,59.54592,57.36975,55.803507,51.888534,67.5254,57.325497,52.587694,65.435311,52.762047,68.497466,58.405567,51.781493,55.563461,75.524237,58.642606
58.469102,70.984376,69.18214,74.986901,50.445095,59.093064,61.421557,49.83301,61.355376,61.797895,63.010786,45.052813,61.356084,48.748077,68.584667,82.555724,56.991893,63.98104,58.359892,54.294173
51.627246,68.114081,65.244818,73.292332,43.434063,60.032915,63.190112,55.313236,58.229196,62.8405,62.082923,56.179504,68.750883,56.910462,65.815488,66.663594,47.518612,63.954322,73.201472,60.856105
55.870776,64.656003,67.97485,69.82375,54.037296,58.315441,56.284487,51.754759,58.088994,68.392815,59.504778,46.119484,56.571803,48.176621,62.834354,70.098349,59.191762,57.632541,64.584089,57.178714
60.847094,76.837136,66.448193,73.47387,48.154408,57.582067,67.722893,54.812207,58.945347,59.705625,57.052706,54.886429,73.228609,56.585207,75.482599,73.251974,52.157314,65.992312,69.128448,54.53067
52.99656,59.890461,62.0386,61.632492,48.215265,63.16044,56.054979,54.494572,54.124615,65.020653,58.970501,45.890352,60.216905,49.804516,62.22166,75.228809,54.363767,55.652367,62.031258,64.412837
55.508128,75.851625,70.979615,82.976255,52.066307,58.871759,65.050609,50.540066,63.092415,61.413443,62.573083,54.169826,68.870602,55.153341,76.075738,66.455674,55.574314,68.124119,73.054772,52.3534
57.165839,63.49102,63.500385,58.678404,48.047408,57.325825,57.785803,55.863208,52.510169,68.939281,60.147649,49.229886,60.641945,50.245394,62.929257,76.981328,51.816126,60.804506,62.273284,60.915501
53.904848,74.657646,73.369458,82.920467,46.844992,61.785208,61.372671,51.683585,63.683571,59.163117,59.151853,50.544509,67.644913,54.766612,76.197543,63.081596,59.550706,61.618887,72.742355,57.541004
58.65829,61.436469,59.641954,64.80784,50.912056,57.126974,61.394818,55.5174,55.050908,67.7556,63.572577,52.444005,61.342666,47.219881,58.285014,81.72778,47.305049,60.315137,60.348789,58.995043
49.320805,76.817726,75.575096,72.277359,48.12007,61.543805,62.15437,55.182156,61.635953,57.220111,58.317696,46.718991,69.604597,56.25379,73.133047,62.20188,59.695243,63.116123,73.705263,58.751403
62.146729,60.361994,53.463414,76.471416,50.10164,54.780081,57.86913,49.531545,52.474344,71.485815,61.863431,55.069498,60.495761,52.421552,71.182787,79.26448,53.648352,61.438724,63.423702,50.709762
51.544038,73.482343,76.317305,64.362309,50.343967,61.045729,65.02031,55.96633,66.252351,61.867607,59.629468,46.497282,64.735385,53.951319,67.266334,63.619273,54.313668,59.420214,70.324121,67.60541
59.662472,65.794059,66.216723,76.566077,46.903097,58.220196,58.670841,50.648311,50.87432,63.716184,62.85815,54.615646,66.731427,49.492568,69.797641,80.818993,56.040439,64.218775,65.239298,52.956929
56.324904,72.453977,69.071301,70.996541,52.156364,61.097992,63.184775,59.068041,64.462834,62.136955,53.256377,47.661713,63.989465,53.409767,68.684366,72.583767,50.151079,63.071006,66.572768,60.598958
54.831609,69.125146,68.296365,75.325084,44.81178,62.049146,62.220496,48.649386,54.245199,70.469277,67.814374,52.677143,65.661776,54.192001,68.261323,66.561102,58.885042,61.408517,71.511001,58.561979
58.662628,70.435789,66.337756,64.116833,54.147955,57.508609,55.55692,59.095786,63.230414,60.104246,55.177313,49.044863,61.688457,53.871995,67.472564,79.905226,52.247883,61.488904,61.091858,55.536841
52.8397,71.116669,66.189968,73.711085,47.873165,59.560719,65.300329,47.075204,50.510575,69.137387,66.487928,54.181263,70.723617,52.179217,70.211522,65.828866,57.906566,62.795614,70.731614,62.542472
57.828104,63.306068,68.444954,76.338026,51.469297,62.85938,61.013905,58.417931,64.518289,58.87163,56.31,47.601498,59.743336,52.608032,63.458591,75.833818,52.427677,62.928129,64.885587,54.031627
56.939898,77.982166,67.257443,61.500036,45.422524,52.702492,64.923279,53.612373,56.224951,68.598787,64.905792,53.393672,70.099503,48.31353,76.290558,70.187875,54.4234,59.532423,72.059729,62.404239
58.668516,64.116655,68.601174,85.755196,53.391587,66.31282,59.662874,54.870774,63.858616,59.756803,52.166712,50.66946,63.464247,59.360467,69.378698,77.229909,55.020142,67.452723,63.627283,56.958875
54.917826,74.948566,69.453104,64.244347,49.302265,57.918192,61.503707,54.045632,57.715764,70.500389,70.42651,50.277418,69.086928,48.090143,67.401387,61.969643,54.938666,60.628587,70.388938,61.360928
57.393201,66.131601,62.764939,75.377063,49.408261,59.480508,63.375052,53.317451,54.184004,60.945932,56.837395,54.626777,56.633565,57.916869,72.714365,80.405423,56.797943,61.622233,72.009224,55.749557
55.945678,69.372636,73.594951,69.534011,49.420356,60.966609,60.000725,56.154586,65.083554,68.513033,62.21224,47.59395,74.305779,46.467929,65.487536,73.441817,55.55106,58.855037,63.675526,59.786674
51.979475,66.197696,59.813105,72.002013,48.633636,60.240069,64.700497,52.444301,55.419278,52.869809,60.120286,53.659038,55.528985,57.795379,71.49213,70.171551,51.839738,67.604123,71.392129,60.504271
61.292349,72.869561,70.916204,75.921128,51.996486,61.211983,58.554763,54.75958,59.191225,78.909956,63.933626,50.219595,72.694573,54.685914,68.85453,76.366999,58.251993,60.89323,66.280845,53.512454
53.841301,67.004371,71.665069,71.609252,47.052808,56.668304,62.63114,54.924872,61.194512,54.680135,57.612976,52.231104,68.054345,51.063678,69.648841,70.68764,48.45604,61.750982,68.903379,65.144359
59.380053,73.561919,64.158532,70.907587,54.47607,62.066524,59.668035,52.663556,57.277973,71.996775,66.959641,48.656818,58.7012,53.825907,67.407206,74.858919,61.735435,66.514383,68.591647,56.602215
55.505391,67.378761,73.343386,70.35668,45.233545,57.052949,67.1402,58.546302,60.09826,61.605869,56.433517,55.975856,74.231057,54.161385,76.85749,68.002688,52.674724,58.846614,68.378828,58.37795
58.622309,72.068261,57.889845,77.067632,54.04626,65.28933,57.924768,50.571914,60.09216,68.64252,63.279914,48.057117,60.156658,52.204343,59.373182,75.319621,55.30731,66.674919,66.600917,61.089979
55.870744,63.926693,80.130595,71.789525,45.935537,58.129004,65.574336,56.869443,57.726742,61.503361,61.235718,56.59136,67.639365,55.773095,83.129588,77.431089,55.948359,55.389921,66.862952,57.106831
54.825381,74.624532,58.37001,69.193508,53.43416,58.777682,55.382668,50.978458,59.376845,63.647356,59.738727,46.82569,68.856152,50.481669,59.213105,71.620815,52.797848,71.316826,70.296382,63.091278
61.808646,65.882271,78.555942,79.087867,47.425494,66.071037,65.480077,59.571701,61.447067,69.457821,66.496501,55.837663,65.090402,57.772729,77.924285,68.520995,60.086066,54.785256,70.188441,52.652204
51.225552,80.128771,53.28361,68.00419,50.775612,52.898312,64.69464,50.220774,54.344884,63.636526,56.461848,46.419409,65.034177,48.727552,63.855163,70.23044,51.337273,69.803042,66.324863,63.385269
63.361842,57.379189,80.480209,77.820389,51.061323,67.34921,60.272467,56.366173,61.533598,64.186486,66.216934,55.368191,64.769239,58.246126,72.568184,83.731838,58.779924,59.46888,70.862792,56.809646
51.079899,78.295766,65.082772,66.839277,48.871171,53.480378,64.536585,53.393946,57.413944,66.528546,55.447013,50.526245,68.623617,50.260628,70.502835,58.981658,54.278641,66.186474,62.274672,61.513958
62.665296,68.981404,69.655068,79.826208,50.879225,63.956481,57.571213,56.072744,65.108236,67.704363,67.823085,51.123449,65.740139,53.831832,70.853639,89.894211,56.309308,57.725444,75.828274,57.351732
51.994358,70.010264,65.822435,56.512324,48.566736,60.195735,65.968727,50.610767,54.128653,65.156352,56.65124,50.191116,63.937094,53.507309,70.4105,60.470965,50.521419,65.368222,60.042105,59.297319
60.681363,66.082817,68.459466,87.219631,52.349349,57.261326,58.88776,59.56358,63.360602,60.68747,66.447484,52.576096,69.661201,51.965641,63.394563,77.974558,60.269381,64.280086,75.997554,61.451189
56.887798,74.71542,74.193407,68.782696,47.000162,64.263802,66.176156,48.19276,52.107916,65.181921,51.388758,52.685927,53.793604,56.353824,74.143535,73.601035,51.143225,64.373371,61.465066,55.3911
56.72917,59.059245,58.926931,74.363892,52.850901,59.928645,55.207684,60.861546,68.096306,69.43973,68.428352,50.775624,80.295951,49.79006,68.929762,72.469682,58.316038,62.521087,71.681934,63.092632
58.599578,83.047447,74.606866,75.820176,47.887632,61.299504,68.354835,47.883546,54.176796,62.996855,61.299552,50.159363,55.836438,55.066389,75.462159,75.886467,51.393046,60.736273,67.071943,54.047459
51.590911,54.863568,63.304998,67.390065,51.040705,54.244273,60.926485,62.025953,59.139171,65.416466,60.880281,53.233649,74.206823,53.855343,59.536636,65.752333,57.764598,61.587415,68.025059,66.675982
61.842561,84.327505,74.059286,78.934055,50.801428,66.680352,62.459513,48.492032,60.831581,69.472358,63.518106,51.571453,57.942027,52.92242,77.491049,83.681812,55.559074,65.319189,71.144687,53.85203
52.339001,63.951803,63.666702,60.701836,46.807201,57.941566,61.783123,59.569423,60.554371,56.50009,60.062702,49.224328,74.555334,52.321673,60.780262,62.403875,55.335682,59.148399,67.937074,63.366497
63.899326,72.983136,69.405903,83.589676,54.064821,60.905314,63.094772,51.305345,57.955797,72.73552,61.858539,53.657407,60.250057,56.66868,75.239119,79.905342,50.64555,68.142391,64.687627,51.827052
47.396196,66.941981,67.241713,70.651677,45.652534,58.750627,63.102284,54.835827,57.7787,57.022188,61.48543,49.725278,69.199832,48.314726,72.932387,71.575643,60.273137,60.402289,68.384177,63.562412
62.760907,76.17454,71.302126,75.008018,52.656249,61.880036,62.053559,54.995255,59.939695,71.121635,59.962163,54.761055,64.676151,58.71546,66.399702,73.407877,53.841648,61.842769,74.001955,58.134246
54.527616,67.234335,62.904925,69.080765,49.503067,58.256918,60.249607,54.175189,59.336973,62.868595,59.798728,47.512983,67.700068,50.721977,71.688545,70.589467,53.59975,64.621108,62.100364,59.682428
60.420186,68.572702,71.548603,70.298695,49.285499,60.844367,62.526749,53.421386,59.677025,64.410664,65.133581,53.082223,63.641262,54.6307,69.515941,70.844887,56.204946,61.161351,73.463325,61.098517
54.590707,67.60855,63.734928,74.621276,51.131699,65.246865,59.808037,54.722908,57.992311,66.782251,57.787004,51.38026,68.167189,51.718955,70.116931,78.185073,55.992401,65.972843,65.902718,56.964476
57.445293,71.327813,73.29896,71.399553,47.855743,56.373915,65.733426,55.512174,60.465482,65.371575,65.140617,51.09517,63.466076,54.008458,72.018721,69.822711,51.746108,54.430945,66.093402,60.853496
53.820957,73.350651,64.98644,75.56476,53.215251,62.142488,57.266112,51.976328,57.455618,68.2476,58.710108,52.884667,67.171687,53.527062,68.392191,73.332933,60.039852,71.796845,70.678428,54.530498
60.669759,63.643215,66.768564,70.54042,46.964909,55.010424,65.398482,58.863124,58.529737,57.662164,61.487224,48.404574,63.773803,52.636523,70.365715,80.848061,51.817806,56.329306,68.981011,62.455392
54.727499,76.331267,73.282914,76.682085,53.951703,67.33188,62.058611,50.779607,60.754597,74.816875,61.545541,56.147358,68.949085,57.26857,68.678232,61.381497,57.272993,69.849396,66.671072,57.596638
58.596226,61.559351,61.006434,64.539445,44.18121,55.088317,59.137786,56.539209,57.684827,55.952003,63.718452,46.782725,59.051754,47.908542,66.325193,81.537617,56.131567,58.816282,71.995157,57.196052
57.791873,76.5191,76.310005,83.689973,54.969751,66.671964,67.167772,51.339775,62.125848,70.927392,59.076117,54.616784,71.689234,57.785571,75.989258,67.592246,53.184562,62.945937,64.209716,62.539807
57.477786,65.333092,60.654664,62.234147,47.799116,52.171282,55.948949,56.997892,56.564068,61.823606,65.005637,49.798552,64.611971,51.622008,65.25159,76.474967,55.820774,62.770496,75.087138,55.430698
56.027147,74.832019,73.501639,78.701564,50.576201,68.293779,67.673541,53.801199,61.263209,71.248174,56.864728,51.908622,65.933684,53.81502,75.702357,73.032389,55.320384,63.514459,61.867218,60.346012
58.499777,69.128498,63.41132,73.964807,49.950947,53.692874,56.855591,51.479618,57.856105,58.366773,65.147102,54.481009,65.132338,51.449223,59.877692,70.278139,53.143345,64.418298,71.32327,63.169651
53.361415,71.753784,76.437935,70.423474,50.714507,67.02639,69.181059,58.791738,59.614378,70.617454,58.108943,47.63803,65.067869,57.3275,79.623869,71.808469,55.437429,58.828301,66.624475,54.849234
59.331822,59.671719,59.411862,75.432095,50.509498,59.508896,52.697814,51.742195,58.267762,59.294774,65.799089,55.052947,69.373549,49.783642,64.116389,77.034737,56.052411,66.733317,69.404625,61.846537
52.979747,83.568702,75.240644,71.642953,50.090145,61.866322,69.564394,57.628833,63.102346,69.810879,56.653809,48.326879,63.401022,54.732589,75.776355,70.7244,56.612105,60.145188,67.234937,55.774003
60.137375,66.264107,61.11952,74.997207,49.062778,54.136795,56.232308,48.85507,55.904152,64.418872,66.51495,54.855387,67.357728,53.84598,63.173771,76.021536,51.635062,67.508693,65.687789,64.162157
55.306374,71.368134,76.526314,67.401573,48.190445,65.668062,70.317496,58.628169,60.557827,64.021618,56.27025,49.501077,61.832056,52.029351,76.044394,72.420735,58.619607,58.492294,69.889492,54.618212
58.016066,62.52026,63.32371,78.791093,51.875226,54.406353,53.350304,51.60359,57.694753,66.899472,63.188225,52.523288,67.204464,57.364166,68.82132,71.140089,54.386042,63.490114,69.779393,63.565907
58.159562,74.961848,71.09128,66.346058,48.463505,64.530385,67.469165,54.832072,62.031203,64.743234,61.458642,49.960944,67.221607,48.209169,67.253373,72.737472,52.78373,63.905832,65.451886,54.293837
53.637921,70.293289,59.680462,74.55901,51.895483,62.557195,60.198551,59.021646,53.077552,62.902491,62.508196,51.628448,65.185628,58.698281,71.476763,75.39578,61.096649,63.54577,70.894851,62.465152
60.951145,67.040864,78.238931,77.016539,49.402033,58.585041,62.791168,50.694182,65.283154,63.520617,60.165273,52.820984,65.817437,49.699118,64.113741,70.896983,51.674483,58.954383,65.215545,58.249901
55.555423,74.250539,57.609893,61.257542,51.029431,61.733056,65.165049,57.764033,55.949334,65.577553,58.463383,50.649708,70.956803,56.930298,75.119907,73.522286,59.210465,67.343497,77.479542,57.698538
54.683956,63.895778,80.611969,81.312871,48.045331,57.762571,62.032532,50.673109,60.607633,64.094006,66.028742,50.747088,58.842836,46.439071,67.435491,69.76227,51.049794,61.883031,60.274997,63.144915
56.97354,78.222696,56.093931,65.771405,51.7582,61.879333,61.085959,57.586687,55.990867,67.619558,54.877879,52.156871,71.987595,60.994336,71.95092,78.921443,56.965202,63.762618,71.83037,52.594143
57.326013,57.605187,80.580448,79.461362,49.310086,60.093177,61.217973,47.459025,63.727354,64.770293,67.374874,52.897741,58.306377,47.422786,67.742933,71.686199,52.436556,61.644402,63.708669,63.801337
55.457209,80.648099,57.325028,67.453374,49.696184,57.250669,64.906248,60.190767,54.489418,65.883106,56.13741,49.275031,74.668207,57.896693,68.559594,70.111985,58.84278,61.731751,73.793679,56.68174
62.558136,66.869284,78.293784,75.831499,49.48271,61.837375,59.762305,56.242743,63.965316,65.188209,64.665499,52.476666,58.17421,51.906163,75.86011,76.07377,52.311771,66.844185,60.964503,61.503937
49.390004,71.500679,59.223204,75.191292,50.462245,60.575571,62.065603,51.606575,56.39758,61.48259,61.07431,50.746055,72.195233,54.862739,64.192745,72.45219,58.341723,59.721567,77.835966,56.002095
63.112513,65.532133,75.678858,65.432823,49.408353,61.668575,63.762275,58.805756,61.770198,68.173597,64.011391,53.134943,61.750932,52.247242,73.102151,71.944398,48.769838,65.054728,62.129213,58.985937
53.786405,74.058503,61.228431,80.743028,51.194068,58.591538,62.761647,49.327336,60.097591,63.917801,58.339045,48.550471,71.134563,55.16309,63.758891,69.053654,62.018227,61.533495,72.707773,61.426126
59.082614,66.649492,72.143576,69.169486,47.609035,61.215646,59.468059,57.097994,55.820662,64.604452,65.32112,54.618784,58.544341,53.486652,78.911378,72.138415,48.989037,61.421281,65.512951,55.626404
59.194834,76.285025,72.894335,71.69179,54.395772,58.34606,64.629006,52.731963,65.219358,66.13263,57.335168,51.432658,69.42,52.497642,62.340009,82.289947,61.741922,59.335538,67.404058,64.857768
55.109622,59.11863,59.440218,74.737685,46.238959,60.062756,58.133232,58.319343,53.724134,65.535996,61.897508,49.826816,69.819481,52.376607,76.820711,67.357034,49.99644,71.919639,68.59626,50.516284
52.55108,81.483385,74.303193,70.896541,52.256382,66.724657,65.297892,51.663166,61.874533,63.252161,64.170137,50.983865,59.5147,55.545826,63.162093,75.36552,59.132739,54.983086,71.834471,63.073316
61.276613,59.95464,61.185987,77.303064,46.931611,52.327411,60.486679,55.855351,55.282107,69.08843,58.201401,51.91081,69.364964,49.591403,77.401511,70.690799,52.165713,71.512279,64.976241,59.438882
55.422841,79.432194,74.435001,63.967963,53.72234,66.543443,62.560247,53.779265,66.713613,60.783174,66.63032,51.619038,64.056783,57.826369,58.910138,75.598098,56.335463,57.656071,70.329044,59.006063
58.597509,60.119973,65.26954,78.404412,44.266908,56.834131,61.989125,55.814879,53.909303,64.629181,57.120246,52.212307,69.25749,51.688435,80.921096,75.312038,56.390495,66.102427,71.591659,60.151239
54.601852,79.865597,69.526997,73.656277,54.659737,61.998054,59.978296,51.654872,61.987575,64.255753,67.158299,50.237718,64.500571,54.623403,63.498523,67.63781,54.942842,56.940487,60.251421,58.58714
59.157976,61.56688,68.981041,67.027698,46.519082,59.59695,64.440727,56.235417,59.053785,70.52713,53.82993,53.083792,67.536055,52.36127,73.376713,78.397666,55.349572,69.235192,73.720731,58.768421
55.333838,77.587367,64.095193,71.914187,53.288752,60.295766,62.08083,53.062993,55.344052,57.549918,68.154126,50.058998,62.964797,54.369316,70.962785,69.601293,50.451118,59.043931,65.364687,57.336039
58.264875,61.956959,74.523661,81.915048,49.680016,60.521051,61.774388,53.93946,61.269281,71.898726,48.9015,53.562988,65.425824,50.966636,71.712472,76.439556,60.261886,63.693344,70.88255,62.62476
55.821177,76.664673,62.207945,62.751825,48.748941,62.104145,64.278877,54.874085,60.421345,61.702489,73.605479,49.669307,67.210008,53.71096,62.8278,69.882189,49.599796,63.378422,68.098699,53.547812
52.923009,66.543,71.636963,75.627868,52.802101,57.962939,56.969136,54.819621,58.899375,68.949864,55.868332,52.626425,63.794735,55.997408,75.293863,71.584831,61.247776,62.684272,69.876999,64.832276
59.177832,68.837599,67.631368,71.236013,48.749598,62.714474,69.607842,54.584066,60.63618,60.292619,66.460119,50.335164,67.884219,47.450889,65.446483,79.643948,54.174103,64.177658,66.202078,53.329541
59.549238,74.000423,70.159023,78.466844,50.246603,58.420581,55.345701,56.266248,54.819368,68.569305,56.071405,51.355255,66.714316,59.562359,74.055537,55.976105,54.402309,61.684132,71.311937,65.002838
52.262169,66.775827,61.366441,66.574377,49.359472,61.320491,67.688778,50.109048,65.232763,62.451996,65.336702,52.614472,60.875269,49.705487,66.828803,89.651491,57.916624,66.684732,62.830532,55.656805
62.749059,72.216917,75.027409,79.169827,52.270791,61.0824,58.843909,57.29645,55.668614,66.565507,62.373257,51.162929,70.895715,57.15382,66.687366,68.481962,52.91218,57.173812,69.740807,57.085538
54.001239,67.977246,61.721944,68.17371,47.171625,60.240444,64.037106,54.406528,59.948367,61.80762,57.142867,50.70686,62.914358,49.155788,78.048761,75.029604,55.697721,66.257816,65.638288,62.426076
60.040316,69.787848,75.13508,76.078129,51.789861,55.809233,58.989166,54.956078,61.771747,71.007035,66.240878,52.808889,69.873258,57.845687,64.763743,72.724735,55.520107,61.175946,73.537879,59.05566
48.654822,72.632756,58.839839,69.26836,45.733663,66.095205,67.011464,54.744933,54.872586,58.84538,59.299134,48.02696,62.569813,47.084396,73.004787,69.325506,56.044885,62.595499,62.779276,59.655977
64.321375,62.371415,79.481735,73.020611,55.290878,54.236889,55.627741,52.617308,62.582142,70.835237,63.026253,54.861193,65.092538,57.429504,70.058474,78.973777,51.640073,60.557168,75.374364,56.693388
53.030902,80.798846,56.235101,75.973108,45.429201,64.299857,64.10318,55.824178,54.524307,61.382213,56.530326,46.377999,69.077597,52.697346,71.457009,67.719418,59.314496,67.059649,63.688936,59.203584
60.17761,59.682223,77.892946,70.290045,54.506622,59.462625,64.611727,53.826127,62.896713,63.627294,67.576267,55.264535,60.798578,53.890285,64.843521,72.262813,54.823896,59.281165,73.041266,61.009484
55.755708,80.328798,58.296808,74.903989,44.925215,61.130346,61.759425,52.48908,57.556328,67.447082,53.982179,51.296184,73.162964,54.162046,71.970636,74.159022,51.731749,67.125162,61.767801,56.506248
57.884279,57.16145,75.011304,72.410063,53.678394,61.50508,57.500214,55.474485,58.301137,64.07879,67.80346,52.059305,60.367749,51.012878,69.955788,75.311956,60.435833,59.012385,73.834115,59.940193
58.0031,82.185977,65.302534,69.247184,50.187828,59.729483,69.402716,55.461185,61.674209,66.892266,55.258565,51.507341,71.608625,56.787377,72.445027,69.547823,51.485318,66.472481,63.112411,59.889599
52.603799,59.874757,68.293232,77.518388,49.462976,59.170164,56.27688,54.818326,58.188621,61.750133,67.063139,51.982102,58.251878,50.049725,62.825792,79.258912,57.007186,57.385305,73.576553,56.986839
60.106397,81.785456,67.446094,63.896986,51.161472,60.155053,66.52464,53.049554,63.700921,68.523918,59.081914,50.875787,68.441416,57.45189,76.79573,66.059775,51.781017,68.194347,62.443382,62.78117
53.626361,58.521241,71.147004,79.043179,45.613543,61.745996,59.898262,55.737837,54.585786,60.698133,61.88967,51.645212,68.555143,49.010104,64.959243,78.386169,58.975338,58.675198,74.715544,53.418957
59.563292,79.174469,68.685962,67.348086,56.589713,57.888988,63.152075,52.897076,61.80293,70.249276,61.685349,49.150639,59.904393,56.67615,71.994138,67.852063,50.568226,66.207106,62.77472,65.768711
53.850788,65.012193,66.081584,73.756301,44.038766,62.668678,63.119376,57.180135,56.108695,61.537058,57.935818,55.987737,73.778884,51.615013,71.255569,81.876963,56.767842,58.020399,72.440852,54.3948
60.304177,71.938605,70.837461,78.445829,55.174087,58.694464,58.370429,52.36784,58.866637,69.295767,67.129584,46.54012,61.046403,54.69503,66.320463,61.188457,58.473409,66.624768,68.762135,63.766513
54.120588,72.888375,65.207372,68.250814,45.973625,61.443281,65.410881,54.986751,60.027394,61.63343,58.262913,55.108932,67.157902,54.774824,73.646183,79.74118,51.619623,65.187233,63.685377,54.244176
60.079029,65.875288,69.258187,74.221585,54.22822,61.964448,60.799788,55.413004,60.286708,68.816614,64.055033,49.40319,64.475827,50.846616,62.808769,67.821835,58.428084,60.191255,75.135405,59.697268
54.478527,70.450223,65.683608,75.606184,47.040124,56.937724,62.780288,52.802302,60.546673,59.652767,56.486128,53.087586,67.985422,57.183038,78.027031,76.839332,51.712323,62.732098,63.535259,64.35738
58.268895,70.742395,72.71009,71.271183,51.300875,65.705041,57.463195,54.528992,59.024148,67.788195,64.428655,47.517609,63.534791,47.354019,65.423737,76.076196,57.820531,63.187575,69.022155,51.49597
58.153619,69.086279,69.339021,71.389949,49.842335,55.566163,68.63956,53.570079,57.286202,64.152809,57.443016,55.692273,67.2997,59.344441,72.904083,68.897739,54.448512,62.778402,67.04097,66.046259
55.178131,71.21429,64.37813,70.919049,48.859752,64.09666,57.57913,56.695789,61.279181,67.637289,67.065773,48.964347,67.282808,47.120432,65.976146,73.049138,53.550538,65.736824,70.379644,53.240434
56.86118,71.641831,66.706977,78.342141,52.572087,57.313696,63.984995,50.040866,56.353043,60.340214,59.227117,54.143301,62.832756,59.770284,69.995224,77.509205,59.908052,56.82953,71.659165,62.902274
57.960934,67.549564,71.696522,62.001221,46.236681,63.539068,61.585592,56.271138,62.986797,70.757775,61.539958,50.693484,72.889206,49.447165,69.787638,66.969315,49.155819,69.445106,65.760075,53.810322
55.242909,71.793862,62.442928,83.103369,52.802769,54.659632,63.486137,56.30044,52.779749,55.636227,60.7921,51.357086,57.287788,54.64891,71.790009,77.651749,59.755976,57.376931,69.742756,63.614146
57.717387,65.909107,70.835646,66.944563,47.943729,64.31783,60.479708,50.107943,65.100003,73.874016,63.658986,52.435566,74.069776,55.517499,68.422785,75.075869,51.495708,66.353197,59.189677,55.880777
54.29304,72.716256,67.520659,77.196699,53.018793,57.75661,62.944869,57.866537,53.324302,64.554408,57.122224,46.463042,54.829564,50.276123,70.591353,73.283375,56.293064,59.416171,75.977254,61.93124
59.88328,70.369172,71.3281,69.495141,47.377176,64.324681,61.837564,53.740752,67.520515,64.972609,66.329544,58.676002,76.980523,57.331987,71.729909,66.960914,55.905731,65.866608,70.470391,59.412727
56.68905,68.828717,63.235865,78.045036,51.218724,58.346738,63.813669,51.680402,49.472152,65.549207,56.262103,44.746823,59.117751,49.929118,63.094148,77.199813,56.215948,58.682093,63.30507,58.093198
54.908507,73.672315,68.437209,62.802149,50.093857,63.145731,60.998451,59.365608,67.47162,66.035328,65.897891,58.608837,70.429205,56.690942,77.749724,66.121328,53.923751,66.160561,73.785047,60.300677
60.685972,67.451135,70.9148,80.634978,46.462766,55.912104,62.810951,49.215581,53.924032,61.320068,57.440143,43.682187,59.9538,48.403606,63.012969,79.449176,55.143016,64.451544,65.451989,57.318826
51.612564,71.975319,66.420407,69.02979,55.086526,64.475098,63.263949,60.775834,64.415648,64.726329,60.184626,58.166023,70.362935,58.207194,71.087596,71.803254,56.101545,58.529028,70.594747,60.702024
62.459831,61.771848,71.264471,73.13867,46.35117,54.051229,58.642756,46.403396,50.653762,66.33811,66.119912,48.104977,65.068816,50.078772,74.639418,74.027955,56.061689,66.831269,62.673402,58.074473
51.88005,80.33585,62.29278,75.855227,53.446407,67.521214,63.501904,60.589144,67.43894,66.770774,59.378108,54.041878,64.287272,55.70781,65.715979,70.663321,50.965373,59.139451,75.625004,61.365191
62.77109,65.361752,73.526645,72.228108,45.648186,50.955051,63.867282,51.318589,56.56741,60.196962,64.478011,49.739009,70.56876,51.066117,72.701582,77.621664,59.867045,65.141417,61.986536,54.862926
51.7468,72.570813,67.195516,68.148685,53.765665,65.871047,57.357613,56.651069,60.536249,72.107001,56.374127,52.867622,60.549949,57.713691,67.535972,69.877781,53.093637,66.60913,72.501573,63.780277
62.151848,68.459213,66.032627,77.865554,48.091179,60.206034,64.028901,53.37701,55.897997,60.298009,67.001993,49.839501,70.104295,46.75152,71.843717,75.489115,55.879875,56.566219,63.898721,55.514069
51.009314,71.665953,68.086862,69.714981,50.980309,60.250329,67.006538,56.177687,62.506154,68.535479,57.333111,52.333594,62.164939,59.360033,71.995403,64.987814,53.762015,67.702672,71.270738,62.469746
63.137935,70.496113,71.537808,71.896489,51.239498,60.229224,54.05805,52.532488,56.386582,66.180839,64.873572,53.88827,68.914704,50.70092,68.926862,84.758579,55.721305,58.446094,67.379968,58.465617
50.184688,66.683496,59.423699,74.379011,46.222828,61.452356,69.995445,54.08797,64.64116,62.725899,58.201426,48.033295,64.200549,55.555935,68.299702,61.190648,58.166146,63.078412,67.879504,60.785014
63.03852,73.21445,77.413052,68.678675,54.31068,59.033106,53.332461,54.391863,54.508138,64.551381,61.684636,56.139987,68.690229,49.253284,69.527347,83.220798,50.336436,67.84706,70.895042,53.215086
52.567181,63.503701,60.442865,72.087793,48.122009,63.92512,67.099139,54.981723,60.999313,65.594868,61.816564,46.97461,59.562368,56.590614,67.390405,68.193852,59.612447,58.269085,60.845043,64.925307
60.335357,76.248934,73.236521,79.037419,51.470879,55.092817,65.368911,55.638453,58.314587,68.248657,61.656636,53.393037,71.346816,52.582236,69.878186,74.849845,52.72035,67.803914,78.609993,53.245413
55.863364,57.635298,65.713219,68.610712,47.683926,67.061015,59.292513,52.893421,58.035574,57.412385,61.727345,52.104035,66.797623,53.757287,71.201478,71.181159,57.430325,56.067788,60.992535,62.840978
56.571668,85.212582,72.319848,75.342815,49.944928,55.492694,63.008803,57.101859,62.516883,73.788744,60.799416,48.871369,64.867872,52.504378,67.258823,74.402512,51.026839,66.581105,74.847707,55.243492
52.963745,58.418373,61.82439,73.127151,51.792279,61.755561,59.478105,51.356882,57.423918,57.854754,58.991015,54.479255,64.023341,55.633397,75.826029,66.718569,58.130174,62.219773,65.786797,64.895699
61.995259,82.804297,71.047866,72.312612,49.084873,60.096287,64.185429,58.003498,59.213078,70.755818,63.233543,49.371014,69.342081,51.562436,58.627445,78.805118,54.34984,65.380157,68.19626,52.354215
55.484622,58.99482,68.456781,70.909076,51.082857,60.57819,64.304345,49.118716,60.229674,58.008389,60.487983,51.544578,64.687001,55.034548,79.43624,73.341923,53.802778,61.159904,68.233699,63.555987
57.891479,79.964159,68.728499,73.60984,47.816087,58.902292,59.131744,57.967194,58.704669,73.56526,62.662326,53.100743,64.001891,50.566725,66.724027,68.372946,60.127358,65.977908,68.19366,57.817487
55.357822,64.565629,69.227877,71.028063,53.526355,58.346544,64.144399,54.585551,60.140119,57.55676,59.152511,50.116872,65.180122,56.657102,73.405564,84.980427,49.177382,59.343135,66.631382,60.419939
56.535948,74.411657,63.990675,70.210829,44.054853,65.553305,60.576375,53.639839,57.02144,69.310633,64.854585,53.046401,69.252976,49.195304,63.054094,61.594462,60.565482,60.81389,67.087535,58.214713
59.470216,62.855889,74.764862,78.14085,55.077459,56.962839,56.18606,51.978115,63.147222,61.951832,59.654156,48.429879,59.384915,55.25678,76.061766,81.298115,51.192185,62.6251,71.648321,58.340932
52.749107,77.28265,61.425136,66.785509,48.887739,61.804731,71.300058,56.431854,55.533029,68.449258,60.846027,54.207221,71.380328,53.78598,61.287331,67.975109,57.599643,64.478773,62.889028,59.22569
62.669809,63.95645,72.485433,78.16483,51.018407,61.456119,52.857088,52.730858,62.229403,69.193778,63.936277,49.929298,67.042965,53.43997,76.976649,76.374414,54.131001,65.387356,79.079588,61.755266
50.390453,74.306585,63.494449,69.448585,47.660268,58.342308,70.608753,56.269449,56.128326,60.308576,56.667219,55.186596,61.413971,54.840043,70.295041,68.600462,56.921095,61.957228,56.065704,55.217219
63.338452,63.800832,74.32074,72.057624,52.150968,63.105753,55.161954,54.550225,58.449161,68.747237,68.730552,48.113123,71.816574,51.843817,65.877359,75.301641,54.711597,56.991928,77.805826,63.036547
53.502497,74.424071,63.782545,72.423767,50.919365,57.683825,67.18957,54.415508,62.350653,61.24764,55.16355,52.451009,58.444828,56.071906,77.410639,70.063464,56.648219,70.122408,66.744078,57.066383
57.79517,71.297743,68.26009,74.98182,47.906802,61.814288,62.515255,52.932128,54.883046,69.550474,67.55812,49.927649,74.894743,51.371458,63.740527,74.78543,54.033249,57.588491,65.587086,56.293047
58.331588,66.34431,70.873931,72.321435,51.579858,59.223379,59.625347,55.882315,63.789159,60.467117,52.268111,50.241685,56.990765,53.350613,73.50142,70.35706,55.066363,67.471181,70.269643,61.28432
54.17304,77.294592,60.949082,70.223187,47.849025,59.149402,64.60599,52.669691,55.45719,69.325856,72.236955,52.464408,72.171129,55.82221,63.865423,79.045085,54.021168,63.026565,68.044762,61.186113
58.142005,56.896939,74.479456,77.531178,53.044973,62.742955,61.826153,57.581721,61.129078,57.995952,52.170191,54.269727,59.740792,49.931541,80.029517,73.053037,57.097961,58.826439,64.548012,59.31687
53.354267,82.372283,65.055192,63.481247,45.72114,60.292106,61.500752,50.928492,60.009886,70.388647,70.272977,48.793025,71.521831,56.415173,59.204356,67.201923,52.025776,65.781491,71.687156,55.731706
61.498901,60.374586,69.415771,83.564569,54.465479,59.028452,60.835991,58.596299,59.430462,60.690438,60.1571,54.931785,62.545634,50.512881,79.502045,74.631554,59.338346,59.971244,66.963155,59.317757
49.661643,76.869288,70.534195,66.114863,48.11346,61.762666,64.975296,49.67024,59.086925,70.756358,57.23562,49.239436,70.96495,54.553462,59.91368,80.427077,52.866979,63.888176,70.296256,61.890674
